Name,Sequence
SLIT2_F1,GGAATGCTCCCCTCTCGA
SLIT2_F2,GAATGGAAATAACATCACG
SLIT2_F3,GCCCCACGGAAAGCCTTCCT
SLIT2_F4,GCTGCCTGAACAGGAGCACT
SLIT2_F5,GGTGCAAGTTCAGAGATC
IER2_F1,GAGCGCTGCGCATAACGA
IER2_F2,GCGGGATGGCGGGAACTC
IER2_F3,GAGGTGGCTTGCGACTCCAC
IER2_F4,GAGCGACGGTAGTGATGC
IER2_F5,GGCACCTTCGCTTTGTGC
CDKN1A_F1,GGAACAGGTCGGACATCACC
CDKN1A_F2,GTCACGGCTGCGGGACCC
CDKN1A_F3,GAGTGCAAGACAGCGACA
CDKN1A_F4,GCCAGCTCCGGAGGACCACG
CDKN1A_F5,GTGTGCCGTTGTCTCTT
ECSCR_F1,GTCTGAAGGCTGGTGGTTTC
ECSCR_F2,GCACTGACTCTGATGTGG
ECSCR_F3,GCGAGGTCTGAGTTGTCGT
ECSCR_F4,GCTACACACCCAGCTGATCT
ECSCR_F5,GGGAGTTGATGGGCAAGAAG
SNRPB2_F1,GACCATGAAGATGAGGGGAC
SNRPB2_F2,GGTAAGTTATTAAGAAAT
SNRPB2_F3,GGAAGTTCGCTACCG
SNRPB2_F4,GAATTTGAGAATGATGGTC
SNRPB2_F5,GAGAAAAAAGGGCATACA
SORL1_F1,GCTTACGCCCAATACCTC
SORL1_F2,GGCGACACGGAGCAGCAGGA
SORL1_F3,GGCTGGACGCAGAGATTGCA
SORL1_F4,GACTCCCACAATCAGATGG
SORL1_F5,GCGGTGAAAGTCGGCAAA
SLC2A4_F1,GATCTGCTGGAAACCCGA
SLC2A4_F2,GGCACCCTCACTACGCTC
SLC2A4_F3,GAAATGATGCCAATGAGAA
SLC2A4_F4,GGGCCTAGCCAATGCCG
SLC2A4_F5,GAGCTACAATGCAACGTGGC
SLC2A12_F1,GCTGTGGAGCCAGCGGCGGA
SLC2A12_F2,GGTACCTGTTGAAAACACAG
SLC2A12_F3,GTCAGGAACGTAAACATGCT
SLC2A12_F4,GTCCTCTTCTGTGG
SLC2A12_F5,GTGCTTAGTGAGATCTTTCC
SLC45A4_F1,GGCCCGCGGTCCTGCTGT
SLC45A4_F2,GCATCTCTTCAGCATCG
SLC45A4_F3,GTAGCCAATGGCCCCACCA
SLC45A4_F4,GGCTCCGCAGAATGCCGACT
SLC45A4_F5,GAGAAGGCGTGTATGTTGA
C1QTNF5_F1,GGTGTCAGGCTCTCCTCCTC
C1QTNF5_F2,GGCACTGAAGGCTGATCG
C1QTNF5_F3,GCACACGGTCGAAAGGTA
C1QTNF5_F4,GCAAAGTAGTAGACGCC
C1QTNF5_F5,GCTGCCCGGGACACAGGCTG