0Safe_safe_MPB_227963.5631,GATCTATAAAATGCTCAA
0Safe_safe_GEA_227963.3667,GGGTATAGAAATGGCATG
0Safe_safe_GEB_227963.3894,GGGGATTATAATGATAGTAA
0Safe_safe_DTKPA_227963.7013,GAGCAGATGAAATTCAAA
0Safe_safe_U1B_227963.584,GGAGTACAGCTGGGCTACT
0Safe_safe_GEB_227963.4028,GCTTCCACTTCCTGTGAT
0Safe_safe_MU1A_227963.1880,GTGCTATAGACATAAGAT
0Safe_safe_MU2A_227963.2483,GGGTGGAGTCGGGCGAATCC
0Safe_safe_SPA_227963.5611,GAGCCAGATTTAATTAAGAT
0Safe_safe_SPB_227963.6221,GGAAATATGTTAGAGTA
0Safe_safe_MU2B_227963.256,GACACTTGAATGCAGACTCT
0Safe_safe_SPA_227963.5384,GTAAAAAGTGCTTTAGACAC
0Safe_safe_SPA_227963.5300,GGAATAAGTGCTGAGACCAC
0Safe_safe_TMMB_227963.3187,GTAAATTCTCCAAAGCAA
0Safe_safe_MPA_227963.4142,GGCAGACACTACCTGAAGCA
0Safe_safe_SPA_227963.5332,GTTCCTAGAGTTTCCAGCTT
0Safe_safe_U2B_227963.1258,GTAATAGAATGGTTAAC
0Safe_safe_U1B_227963.488,GGGTACATGACTGACTGCTC
0Safe_safe_TMMA_227963.2911,GATTGGACCATTATTGA
0Safe_safe_ACOCB_227963.5247,GTGTATGCTGCAAGTCTTG
0Safe_safe_U2B_227963.1276,GGAATGCGTCTGTAAGTG
0Safe_safe_ACOCA_227963.4590,GAAAGGCAGACCTTTGTCT
0Safe_safe_GEB_227963.4006,GTATGGTAATATGGATACTT
0Safe_safe_MPA_227963.4212,GATACAGATTCCCAGACAG
0Safe_safe_ACOCB_227963.4979,GAAATATTGGGTACTATGTA
0Safe_safe_TMMB_227963.3320,GTCAGCATCAACAAAAAAT
0Safe_safe_TMMB_227963.3003,GAGGAAAACTGGGACAAAAC
0Safe_safe_TMMA_227963.2927,GAGCTAACGAGTCTCGTGAG
0Safe_safe_ACOCA_227963.4661,GTCTTATGTTTGAAAGTCT
0Safe_safe_MPA_227963.4291,GTATTCGTTCTCAAATTC
0Safe_safe_SPB_227963.6235,GTTAATATCATCTACTAGAA
0Safe_safe_DTKPA_227963.7016,GAGCTTCCAGGGCAAGTCTG
0Safe_safe_U1B_227963.461,GACTCTAGGTTGGCTTTG
0Safe_safe_GEB_227963.4044,GTATATATACACATTTGTG
0Safe_safe_U2A_227963.1846,GAGACCATTTAGCTTTCTTG
0Safe_safe_GEA_227963.3563,GTCTCATTAGATCGAAT
0Safe_safe_TMMA_227963.2962,GCACCAATATCAGTAGTAGT
0Safe_safe_U1A_227963.6749,GGTGGGGAAGGGCCCTTT
0Safe_safe_ACOCA_227963.4872,GAAAGAAAATCTGTTTAAAC
0Safe_safe_MU2A_227963.2509,GCCTTGTCACACACTTCAC
0Safe_safe_TMMB_227963.3092,GTTTCCTTCATTATTTGAAG
0Safe_safe_MU1B_227963.1088,GGAGATGGATATTAGGGT
0Safe_safe_SPA_227963.5473,GCAATCAGAGGTAAACATTC
0Safe_safe_DTKPB_227963.7422,GAATTTGGGGTCAGAAGCTC
0Safe_safe_ACOCA_227963.4847,GACAGAGAGAAAAGATGAT
0Safe_safe_TMMB_227963.3037,GGAGATCTGATATATGGAAA
0Safe_safe_GEB_227963.4010,GACAGGGTACTTGCAGTT
0Safe_safe_U2B_227963.1438,GATTGTAGCGACTCCTAGAG
0Safe_safe_MU1A_227963.2104,GACAACTTGGAGAAAACCAT
0Safe_safe_TMMA_227963.2914,GTGGTATAGATTAGGGATAA
0Safe_safe_MPB_227963.5965,GCAAAAAATAGCCTATGAGG
0Safe_safe_DTKPB_227963.7457,GAGTTATCAACAAATATCAG
0Safe_safe_DTKPB_227963.7381,GGCCTCAAAGACATTAATCA
0Safe_safe_SPA_227963.5273,GTGAGATGTCTGTAGCCACT
0Safe_safe_GEA_227963.3743,GATCTTTCTGATGGAGTT
0Safe_safe_U1B_227963.724,GACGCTGGGCCTGCCTGG
0Safe_safe_MU1B_227963.970,GGTTGTCCTTGGGCCTGATC
0Safe_safe_U1B_227963.738,GACTGTAGTCATTTCTTA
0Safe_safe_MU2A_227963.2610,GAATGCCACCACAGTGATCT
0Safe_safe_U2B_227963.1463,GAGCAAGGTATACAGGCTTT
0Safe_safe_MPA_227963.4417,GTTATAGGGTCATAATTAT
0Safe_safe_GEA_227963.3697,GAGCACATATGTTCTCCACC
0Safe_safe_ACOCB_227963.5240,GAGGTACCATTATAGAAG
0Safe_safe_U2A_227963.1847,GAAATGACTTGAGAGTGT
0Safe_safe_SPA_227963.5435,GAAAACAACGTGCTTTC
0Safe_safe_MPB_227963.5876,GTTATTTCTAATGACCTGCC
0Safe_safe_MU1A_227963.1979,GAAGAGCTCACTAACCCCT
0Safe_safe_DTKPB_227963.7342,GGTGGTCTTGGGTTGGTCC
0Safe_safe_MPA_227963.4499,GCTAAACATTAGACACTTT
0Safe_safe_U1A_227963.6630,GTCTAGAGGTTCAGGTTCCT
0Safe_safe_MU1B_227963.810,GTTCTATATTCACTGGTCCT
0Safe_safe_TMMB_227963.3251,GCTGCCGCCTCACTGTATGT
0Safe_safe_U1A_227963.6426,GACTACAATAAACAATCCT
0Safe_safe_U1A_227963.6462,GCTCTTCTGTGTCCCAGACC
0Safe_safe_TMMA_227963.2999,GTTCAGAGAAAGTCTGTC
0Safe_safe_DTKPA_227963.7076,GCACTGCATGCCAGGACCAC
0Safe_safe_TMMB_227963.3259,GCCAAACAGTGAGCAGGCCG
0Safe_safe_MU1B_227963.984,GAGTAATAAGCAATCATAAC
0Safe_safe_ACOCA_227963.4726,GAGTCCAGATGTATTCA
0Safe_safe_U2B_227963.1337,GATACTATTTCCCCTAGT
0Safe_safe_U1B_227963.705,GTAGATATGTTGTCATCTGG
0Safe_safe_GEA_227963.3559,GCCTAGTTATGTACATATG
0Safe_safe_SPB_227963.6349,GTAGTTAGTCCTAGAGATTC
0Safe_safe_ACOCA_227963.4643,GTAGAAACTGTCCTGAT
0Safe_safe_U1A_227963.6697,GCATTGAAAGATGATAAGT
0Safe_safe_GEA_227963.3385,GAAGGACTGTCTGTGATGTA
0Safe_safe_MPA_227963.4444,GTGCTGTGTCTCAATATGTT
0Safe_safe_SPB_227963.6267,GAGAACTCGAACAATGGGT
0Safe_safe_SPB_227963.6090,GAATGTGATGGTCTTGTAGT
0Safe_safe_MU1B_227963.787,GAGTCATCTTCTTTCCTAT
0Safe_safe_GEA_227963.3419,GTCATGTTTGGATGATTT
0Safe_safe_GEA_227963.3644,GGTGTCAGAGAGGCAGAGGG
0Safe_safe_ACOCB_227963.5000,GTATTAGTTAGTGATAGAA
0Safe_safe_DTKPA_227963.6901,GCATTTCACTCTTTGGTG
0Safe_safe_MU1B_227963.859,GCAAAATATCTAAAGGAA
0Safe_safe_TMMB_227963.3124,GTTGGTAAGCAAAGATT
0Safe_safe_MPA_227963.4483,GGACCCAGCAAAGTTATTCC
0Safe_safe_MU1A_227963.2113,GAGCGATAGTTATTACAG
0Safe_safe_ACOCB_227963.5157,GATCAGGTTGTGAAGCATG
0Safe_safe_SPA_227963.5308,GGCTTCTGCTATGTGGGGCT