0Safe_safe_U1A_227963.6710,GGATTTCCACTTTACTT
0Safe_safe_MPB_227963.5900,GATGGCCCTCTCATTTG
0Safe_safe_SPA_227963.5579,GTTTCACAGGGCAACATAGC
0Safe_safe_MPA_227963.4287,GCTTCTAGACCACCTATCA
0Safe_safe_ACOCB_227963.5137,GAGGGTGAGTGTAGGACTTG
0Safe_safe_GEB_227963.3757,GGACATTTGTAATAGTTACC
0Safe_safe_MPB_227963.5969,GAATTTCTAGATCAGAAGCC
0Safe_safe_ACOCB_227963.5131,GCTACCTGCCAGTCTGTAGA
0Safe_safe_U2A_227963.1514,GAAGCTTCTTTGAGTATT
0Safe_safe_U1B_227963.742,GTAAACACAGCAGACAACTC
0Safe_safe_MU2B_227963.104,GTAGTGAAATAAATGTCAAC
0Safe_safe_MPB_227963.5734,GAATATGAAGCAGATACCAC
0Safe_safe_ACOCB_227963.5083,GCCAACCACATACAACACTA
0Safe_safe_MU1A_227963.2136,GTCAAGGCTTGGGGTGAG
0Safe_safe_SPA_227963.5304,GTATTTACCATGACAACA
0Safe_safe_MU1A_227963.2184,GAAAATTCAGAAAATGCC
0Safe_safe_MPA_227963.4404,GTCTCTACTTCAACCTCTG
0Safe_safe_TMMB_227963.3119,GCATATGTACATATGAACAG
0Safe_safe_MPA_227963.4207,GAAAATGGAGTTATATTAGT
0Safe_safe_MPB_227963.5873,GAGGGTGGAGAATATGGTAT
0Safe_safe_MU2A_227963.2378,GAATGTCTAAAAATCTTT
0Safe_safe_U1A_227963.6652,GAAATAAAACGTGTGCTCAC
0Safe_safe_U1B_227963.628,GTTCTCAGTAAGTAACCAGG
0Safe_safe_ACOCA_227963.4688,GATGTGGAGTTGAGATTACT
0Safe_safe_TMMB_227963.3072,GCTTTATATATGCTGAAGCA
0Safe_safe_MPB_227963.5865,GATGATTAGATGCAATGCAT
0Safe_safe_DTKPA_227963.6785,GAATTTCTCCCTAAGGTT
0Safe_safe_MPB_227963.5627,GAAATCCTTACCTAAGACAA
0Safe_safe_MPA_227963.4497,GTTGGGCAATGGGCCCCC
0Safe_safe_MPB_227963.5850,GTTTCTTTAGTCTCCTAA
0Safe_safe_U2A_227963.1536,GATTCTTTCGCTCAGGGCGC
0Safe_safe_GEB_227963.3872,GAGGGTTTATTCTAAGCTTA
0Safe_safe_MU1A_227963.2213,GTTTGTACGTGAGAGCCTGC
0Safe_safe_GEB_227963.3816,GAAGTTTCTAAACAACTAT
0Safe_safe_DTKPA_227963.6929,GACCAGACAAGTTGCATATC
0Safe_safe_MU2A_227963.2457,GTAGAGGATAGGGCCGCTTT
0Safe_safe_U2A_227963.1554,GTAAAACTATTTGTACTGCC
0Safe_safe_SPB_227963.6251,GTGGTCAGAAGATTACT
0Safe_safe_MPA_227963.4329,GCACTATACATGTCTAAT
0Safe_safe_U1A_227963.6587,GAGAGTCACCATGCTTC
0Safe_safe_ACOCA_227963.4667,GTCTACCATATGCCTTCTGC
0Safe_safe_MPB_227963.5762,GTTAAACCATAGGTAAGA
0Safe_safe_MU2A_227963.2338,GAAAGAAAAAATAGAGAACT
0Safe_safe_U2A_227963.1599,GGTACTGAAGTTGTAACA
0Safe_safe_U2B_227963.1173,GAACATAGTTCTCAATATCG
0Safe_safe_MU2A_227963.2492,GGACTGCATTACTGTATTCT
0Safe_safe_TMMA_227963.2849,GATTCAACAGAAATGAGAA
0Safe_safe_MU1B_227963.766,GATGGCCAGACTTGTCTATC
0Safe_safe_DTKPA_227963.7004,GATTTAGATTAATCTATGTG
0Safe_safe_MU2B_227963.234,GCAGGGTTGGCAACTAGC
0Safe_safe_SPB_227963.6359,GGGAGATTGAATAATCCTA
0Safe_safe_U2A_227963.1612,GCTGATAATAGTTTCAAC
0Safe_safe_ACOCA_227963.4854,GAGAGGGCTTGAGAAGCTGG
0Safe_safe_TMMB_227963.3297,GGAATTGGGCTCAGAGGT
0Safe_safe_MU1B_227963.929,GCATACTAGACTCATTGCT
0Safe_safe_U2A_227963.1871,GTGGGCTACTCACAGCTAG
0Safe_safe_TMMA_227963.2919,GCAATATGGGTAATATA
0Safe_safe_SPB_227963.6356,GGTTTCCATATCCAACGGT
0Safe_safe_GEA_227963.3382,GTTTAAAGTGTCTATATG
0Safe_safe_MU2B_227963.262,GGTCTATCAGGTCATAGCAC
0Safe_safe_SPB_227963.6086,GAGGTTACTTAATAAAGGTT
0Safe_safe_U1B_227963.714,GCATAGTGCGGTATCTGA
0Safe_safe_SPA_227963.5361,GGTTGTAAGGTTTGCATA
0Safe_safe_ACOCB_227963.4938,GTGTGGGGAATTAGCCTT
0Safe_safe_U1A_227963.6444,GAATAGAGTAATCTACCTCA
0Safe_safe_MU1A_227963.2107,GATATCACTACTTAACTGAT
0Safe_safe_MU2A_227963.2544,GAAGGAAACACAGCTTTGT
0Safe_safe_U2B_227963.1147,GCAACTTACTCCTGTACAGA
0Safe_safe_TMMB_227963.3114,GTTATAGCACAGAAAAGTAG
0Safe_safe_DTKPB_227963.7392,GACATTCCTTAATCTCAA
0Safe_safe_MU1A_227963.2101,GCTGTTCCTATTCTCAGT
0Safe_safe_GEB_227963.4030,GAGCATTGCACCTCTCCCGT
0Safe_safe_SPA_227963.5475,GTAGAAGTAGAGGAACCATA
0Safe_safe_U1B_227963.481,GCTACATATGACATGGTCC
0Safe_safe_TMMA_227963.2717,GGTCAAAAGCACCCTAACT
0Safe_safe_MU1B_227963.1062,GGCTATTTGTATAGTTATG
0Safe_safe_DTKPA_227963.7065,GTTTCTATACACCATGGCAA
0Safe_safe_TMMA_227963.2974,GCTCATTACTTATAATTCT
0Safe_safe_U1A_227963.6741,GAAATCTCCAGGATGCCA
0Safe_safe_MU1B_227963.895,GAGTTAACATTGTCGAG
0Safe_safe_GEA_227963.3712,GGATTCTTGAATGGGGGT
0Safe_safe_U1A_227963.6402,GTGCAGAGGACACTAAATAA
0Safe_safe_ACOCA_227963.4810,GAAGTGGCATTACATATTGA
0Safe_safe_GEA_227963.3632,GGAAGTCCTTTATGAAGGCA
0Safe_safe_U2A_227963.1611,GTAAAGGTCTCAAAACCCA
0Safe_safe_MU2B_227963.15,GGTAAGAGATGCCTAAGA
0Safe_safe_SPB_227963.6323,GAAACACAGTCATAAGACTT
0Safe_safe_SPB_227963.6205,GGAGGACTGATGTTTATA
0Safe_safe_MU2A_227963.2354,GCATATGTCTATAGCTGCAT
0Safe_safe_MU2B_227963.354,GGAGGGGCGGAGAGTTTCCC
0Safe_safe_MPB_227963.5972,GATTTGAGGGGAGCATATCT
0Safe_safe_MU2A_227963.2554,GTCCTCAGAAAACACGGGT
0Safe_safe_TMMA_227963.2803,GTATTAACCCTCTGCAT
0Safe_safe_U1A_227963.6689,GTCACAAACCAGGGTTTCT
0Safe_safe_DTKPB_227963.7465,GAGATCTTGAGTTTGACCAT
0Safe_safe_SPB_227963.6326,GATTCAGGGCCCTTCAGTG
0Safe_safe_U1A_227963.6748,GGGAGAGCCCAGTGATTG
0Safe_safe_MU2B_227963.154,GTCATTATGCTCTCCTGAAA
0Safe_safe_GEB_227963.4037,GATTTAGTGGACATAAAT
0Safe_safe_ACOCA_227963.4707,GTTAACTAGGTGTCTGGTAC
0Safe_safe_MPB_227963.5705,GTCTTTGCTTGAAACTCAAG
0Safe_safe_DTKPB_227963.7263,GGGTTTGGTGTGCTGTTACC
0Safe_safe_SPA_227963.5396,GTTTGCCTAGATTATCATAA
0Safe_safe_DTKPA_227963.6943,GTTGTGTGCTCTATGAAT
0Safe_safe_DTKPB_227963.7342,GGTGGTCTTGGGTTGGTCC
0Safe_safe_SPA_227963.5607,GTCTCTGTTGTAGGAGCA
0Safe_safe_GEA_227963.3696,GGGAGCTCTGAGGAAATACA
0Safe_safe_MU2A_227963.2397,GATGTTTCCCCATTACAT
0Safe_safe_DTKPB_227963.7350,GATGAAGGTAAGACTGCAC
0Safe_safe_MU2A_227963.2411,GAAAGAAATTAACGCCAA
0Safe_safe_TMMB_227963.3131,GCCTCTCCTCCACATAAA
0Safe_safe_U1A_227963.6377,GGTCTGTTGCACATCCTGCC
0Safe_safe_MPA_227963.4472,GGCAACATCTGAATATT
0Safe_safe_MU1B_227963.867,GCATATTGCTGAGGGAA
0Safe_safe_DTKPB_227963.7380,GAACTAAATGTCTGCATAAA
0Safe_safe_MPA_227963.4489,GTGTGACTGGGAGTGAACAC
0Safe_safe_U1A_227963.6473,GAGTCTTGATATGTAACT
0Safe_safe_U1B_227963.662,GCTGGATTTAGCTTTGA
0Safe_safe_MU1A_227963.1963,GAGTATAATGCTATCCA
0Safe_safe_MPB_227963.5793,GGTTATCAAAATGATATTTG
0Safe_safe_U1A_227963.6391,GGTTTCCTATTAAAGTCTTG
0Safe_safe_U1B_227963.394,GAAGGTGGTTATCAAACAAA
0Safe_safe_TMMB_227963.3074,GAAAGAGGCACTCTCTTCAG
0Safe_safe_U2A_227963.1673,GTAATTAACTTACCGCA
0Safe_safe_GEA_227963.3559,GCCTAGTTATGTACATATG
0Safe_safe_U2A_227963.1553,GTACATATTACTATATGAAG
0Safe_safe_ACOCB_227963.4932,GCCCATGCCAAGTAGGGCCT
0Safe_safe_MU2B_227963.318,GGAATGCATGGTAATTGGTT
0Safe_safe_DTKPB_227963.7498,GTGAGTTGTATGTCTGTT
0Safe_safe_TMMB_227963.3096,GAAGTTCTAACTGATATTTA
0Safe_safe_U2A_227963.1857,GCAAGACTCTGATAGGCTGT
0Safe_safe_TMMA_227963.2781,GCCAGACTATGAGAAAA
0Safe_safe_MPA_227963.4214,GCTTTCTGTTGAACTTTC
0Safe_safe_MPA_227963.4392,GTTATTTCTAAAGAGAGTAT
0Safe_safe_U2B_227963.1262,GAGTTTGTCCCTCTGGAC
0Safe_safe_MU1B_227963.955,GGTAGAAAGGATGTCAGGT
0Safe_safe_DTKPA_227963.6924,GTTGTATAAATCATGGTGGG
0Safe_safe_MU2A_227963.2477,GGACAGAGAGCAAACAAG
0Safe_safe_MU1B_227963.858,GTGGTTGGAGGTGTTTGGCA
0Safe_safe_ACOCA_227963.4756,GTGAAAAGGGCCATTCCT
0Safe_safe_ACOCA_227963.4767,GTCTCTTTGTCAATGATCTA
0Safe_safe_U2A_227963.1764,GGTGCTCTGAACTCACAC
0Safe_safe_TMMB_227963.3151,GTATGTTGTACAAGTGCACT
0Safe_safe_SPA_227963.5533,GCGAAGAAATTTGACATAGT
0Safe_safe_U1B_227963.464,GTTTCTATTTCAATTCTTTG
0Safe_safe_U1A_227963.6500,GCTATAACAGTAATGAAAA
0Safe_safe_TMMA_227963.2953,GCAGAGGGCCATGGACAGGA
0Safe_safe_MU2A_227963.2556,GTACAATATCTCCACTGTTT
0Safe_safe_MPB_227963.5953,GCAGGGACTCATAGGGTGCT
0Safe_safe_MU2B_227963.212,GAGCAATGGGAAGATTC
0Safe_safe_SPA_227963.5487,GGCTCTCTCAGGTTCTGA
0Safe_safe_MU2B_227963.192,GTGCTGATCGGCTGGAATT
0Safe_safe_GEB_227963.4116,GTAAACAGCTGAAGATAG
0Safe_safe_MU2A_227963.2259,GCAGAGCTCTAATGCATTC
0Safe_safe_MU2A_227963.2321,GTAAGGGATCTATAAGGTAA
0Safe_safe_GEB_227963.3869,GACTCCACACTTACACTCT
0Safe_safe_U2A_227963.1638,GATAAGTTGAGGACTTGAGA
0Safe_safe_U1B_227963.456,GAACCTTGCTAAAATAGATG
0Safe_safe_SPA_227963.5370,GATTACAGTAGCCAGTTA
0Safe_safe_MPA_227963.4354,GAAAGATGTAAGTGCAGGCT
0Safe_safe_MU1B_227963.752,GCAGCGGAACCCTAACCC
0Safe_safe_SPB_227963.6256,GCACGTAGGTGGAGATCACA
0Safe_safe_GEA_227963.3518,GTAGGCAAAATAAGAGAAA
0Safe_safe_U2B_227963.1286,GAAATGGAGGAGATTTAT
0Safe_safe_TMMA_227963.2859,GTTTATACCAAAGGGCTCAA
0Safe_safe_U1A_227963.6711,GGTACATTTGAACCTTT
0Safe_safe_U1B_227963.595,GGTGGGCCATGGGGAAGGTT
0Safe_safe_MU2A_227963.2490,GTGCCATAAAATTGCAA
0Safe_safe_MU2A_227963.2588,GTAGTGTGTGGAGCTTCATT
0Safe_safe_GEB_227963.3858,GAATTCCATTGTTAACTAAC
0Safe_safe_TMMA_227963.2924,GAATAGTTGCTCAGTGTCT
0Safe_safe_U2B_227963.1304,GACAGTGGATGTCAAAGGAC
0Safe_safe_DTKPA_227963.6755,GAGACCTTCAGAGTTCTTA
0Safe_safe_MU2A_227963.2339,GCATATTAATGTTCCTTAC
0Safe_safe_MU2B_227963.118,GAAATGTGAATGAGTGAGCT
0Safe_safe_MU2B_227963.31,GGTCAGAGTGCTAGAGAA
0Safe_safe_ACOCA_227963.4685,GACCTCTTGTTCCACACTGA
0Safe_safe_SPB_227963.6178,GAAATTAAGTATGTTGAGAA
0Safe_safe_U2A_227963.1617,GGCAATCAAATATATCTG
0Safe_safe_TMMB_227963.3245,GAAATTAAAAGCATTGC
0Safe_safe_MU2B_227963.231,GCCTGAAGAACCTGAAGTCA
0Safe_safe_MU2A_227963.2478,GTTATTAGTCTAAGGACTT
0Safe_safe_ACOCA_227963.4522,GCTATACAGTATTAACT
0Safe_safe_MU2B_227963.276,GAAGCATCCCCGTGGAGTGC
0Safe_safe_MPB_227963.5902,GTGATATCAATGTCCCC
0Safe_safe_MU2B_227963.206,GTGATAGGGAGCTACAGCT
0Safe_safe_MPB_227963.5878,GAGATCACAGGGATAAGG
0Safe_safe_DTKPB_227963.7348,GTGGGGCAAATTGTGCAAAA
0Safe_safe_MU2A_227963.2539,GACTTTCAACTGCAAGAT
0Safe_safe_MU2A_227963.2362,GGATGGGGCAAGATGAACA
0Safe_safe_ACOCA_227963.4848,GGTGTGTCCTGAGGATG
0Safe_safe_MPB_227963.5652,GGTAAATTACTGTATTTCA
0Safe_safe_DTKPA_227963.7034,GTCGTTCTCAGCGCGGGCCG
0Safe_safe_MU1B_227963.786,GTTGTATATAAGATAGCC
0Safe_safe_SPB_227963.6371,GGAGCTAAATTTGCCTTA
0Safe_safe_U1B_227963.414,GTCTAACCTCCTGCCCACCC
0Safe_safe_ACOCA_227963.4561,GTTAAATGCAATCTCACC
0Safe_safe_U2B_227963.1440,GAGGAGCACTGTGGGTTT
0Safe_safe_MPB_227963.5916,GTTAAAGCCTTTCAGGAA
0Safe_safe_U2A_227963.1743,GCAGAGAACTTTATCAAGGA
0Safe_safe_MU2A_227963.2531,GATTTAAGAAAGACACTTA
0Safe_safe_DTKPB_227963.7460,GAGGCCAATAAGACAGCCTC
0Safe_safe_U2A_227963.1548,GAGCTGGAGAAATACAGCA
0Safe_safe_U1A_227963.6476,GTGTGCCTGTATTGATTGTA
0Safe_safe_TMMA_227963.2969,GTCATATATACTTACTT
0Safe_safe_DTKPB_227963.7409,GTCAGCTTGTATCATGTAGA
0Safe_safe_GEB_227963.4084,GGGTCTTGATTTAAGAACA
0Safe_safe_TMMB_227963.3371,GAATTCTGTTGCAAAACAGT
0Safe_safe_MU1B_227963.1089,GAGTTATTTCGAACAGA
0Safe_safe_MU2A_227963.2286,GTTTCTAGCCAAGGAAC
0Safe_safe_U2B_227963.1141,GACTTTCTTATACCAAGGGG
0Safe_safe_DTKPB_227963.7441,GTTCCTCTACTATTGGC
0Safe_safe_MU2B_227963.178,GTGGGTGAGATAATAGATTT
0Safe_safe_MU2A_227963.2611,GCATCTGTCTAATTCTG
0Safe_safe_DTKPA_227963.6932,GCCAGAGCTGAGATGCAC
0Safe_safe_MU2A_227963.2473,GTTTAACAGGGACAGACC
0Safe_safe_MU1B_227963.1113,GTTATAGAGTCAAAAGTTCA
0Safe_safe_MPA_227963.4194,GGTGTTGACTGTAAAAGTTG
0Safe_safe_U2A_227963.1622,GGTGACCTGTTTGGACTCA
0Safe_safe_GEB_227963.3967,GTCTTGACTGTACAAATC
0Safe_safe_U1A_227963.6712,GACTTGGCAAGAATGAAGC
0Safe_safe_GEA_227963.3536,GAACTTCATTATTGCAAGCA
0Safe_safe_MU1A_227963.1987,GAACCAGAAACAGGGCAC
0Safe_safe_U1A_227963.6560,GATGTGTTAAGGCAGAAATA
0Safe_safe_TMMA_227963.2892,GTTGTAAATTGAATTAGTAC
0Safe_safe_GEA_227963.3497,GGTATCACTGAGTCAGTAGT
0Safe_safe_ACOCB_227963.5163,GCATGTCGATCTTGAGAA
0Safe_safe_U1B_227963.695,GGTTCATTACCAGGTCCCCT
0Safe_safe_SPB_227963.6340,GCAACTAGAACATGTAGTC
0Safe_safe_U2A_227963.1712,GGTCCTGAGATGTTAGTCAT
0Safe_safe_DTKPB_227963.7413,GTAGAATTCACATTACTAAT
0Safe_safe_U2B_227963.1371,GAAGTGACTCTCATGATT
0Safe_safe_U1A_227963.6521,GTTTATGGTGGTATAGGTC
0Safe_safe_SPA_227963.5258,GTTTGTAAATGATGACTC
0Safe_safe_MU1B_227963.815,GGCATTGGATAATCCAGGA
0Safe_safe_MU1B_227963.1054,GTTATTACTCATGCAAC
0Safe_safe_U2A_227963.1733,GTGTGAGGGGGCATACTGA
0Safe_safe_DTKPB_227963.7264,GCCATATTTAGTAAAAAGA
0Safe_safe_MU1B_227963.773,GGCGGCGAACAACGTGGAGT
0Safe_safe_MPB_227963.5861,GTGGTATAGATTAGGGATA
0Safe_safe_ACOCA_227963.4569,GATGGTTCAGATATCAT
0Safe_safe_SPB_227963.6313,GCCTATTTAAAGTTAGTGGA
0Safe_safe_U2A_227963.1847,GAAATGACTTGAGAGTGT
0Safe_safe_DTKPA_227963.7015,GCTTTCATCAGTAATTC
0Safe_safe_MPB_227963.5837,GGTGTAGTTCTGTGTGTGAG
0Safe_safe_MU1A_227963.1877,GCAGTTACTCAGGGATATAT
0Safe_safe_U2A_227963.1549,GTAGGCCAGACCCACTCCG
0Safe_safe_MU2B_227963.142,GGCATCATCAAAGAATAAAG
0Safe_safe_U1B_227963.600,GAAAGAGAATAAGTCTTACT
0Safe_safe_ACOCB_227963.4941,GATATACACTGTAGCATCAA