0Safe_safe_MPB_227963.5631,TGGTTCGTTAGTCGATCTCCCCACCTTGTTGGATCTATAAAATGCTCAAGTTTAAGAGCTAAGCTGGACCCAGTAAAATCCCGTCT
0Safe_safe_GEA_227963.3667,TGGTTCGTTAGTCGATCTCCCCACCTTGTTGGGGTATAGAAATGGCATGGTTTAAGAGCTAAGCTGGACCCAGTAAAATCCCGTCT
0Safe_safe_GEB_227963.3894,TGGTTCGTTAGTCGATCTCCCCACCTTGTTGGGGGATTATAATGATAGTAAGTTTAAGAGCTAAGCTGGACCCAGTAAAATCCCGTCT
0Safe_safe_DTKPA_227963.7013,TGGTTCGTTAGTCGATCTCCCCACCTTGTTGGAGCAGATGAAATTCAAAGTTTAAGAGCTAAGCTGGACCCAGTAAAATCCCGTCT
0Safe_safe_U1B_227963.584,TGGTTCGTTAGTCGATCTCCCCACCTTGTTGGGAGTACAGCTGGGCTACTGTTTAAGAGCTAAGCTGGACCCAGTAAAATCCCGTCT
0Safe_safe_GEB_227963.4028,TGGTTCGTTAGTCGATCTCCCCACCTTGTTGGCTTCCACTTCCTGTGATGTTTAAGAGCTAAGCTGGACCCAGTAAAATCCCGTCT
0Safe_safe_MU1A_227963.1880,TGGTTCGTTAGTCGATCTCCCCACCTTGTTGGTGCTATAGACATAAGATGTTTAAGAGCTAAGCTGGACCCAGTAAAATCCCGTCT
0Safe_safe_MU2A_227963.2483,TGGTTCGTTAGTCGATCTCCCCACCTTGTTGGGGTGGAGTCGGGCGAATCCGTTTAAGAGCTAAGCTGGACCCAGTAAAATCCCGTCT
0Safe_safe_SPA_227963.5611,TGGTTCGTTAGTCGATCTCCCCACCTTGTTGGAGCCAGATTTAATTAAGATGTTTAAGAGCTAAGCTGGACCCAGTAAAATCCCGTCT
0Safe_safe_SPB_227963.6221,TGGTTCGTTAGTCGATCTCCCCACCTTGTTGGGAAATATGTTAGAGTAGTTTAAGAGCTAAGCTGGACCCAGTAAAATCCCGTCT
0Safe_safe_MU2B_227963.256,TGGTTCGTTAGTCGATCTCCCCACCTTGTTGGACACTTGAATGCAGACTCTGTTTAAGAGCTAAGCTGGACCCAGTAAAATCCCGTCT
0Safe_safe_SPA_227963.5384,TGGTTCGTTAGTCGATCTCCCCACCTTGTTGGTAAAAAGTGCTTTAGACACGTTTAAGAGCTAAGCTGGACCCAGTAAAATCCCGTCT
0Safe_safe_SPA_227963.5300,TGGTTCGTTAGTCGATCTCCCCACCTTGTTGGGAATAAGTGCTGAGACCACGTTTAAGAGCTAAGCTGGACCCAGTAAAATCCCGTCT
0Safe_safe_TMMB_227963.3187,TGGTTCGTTAGTCGATCTCCCCACCTTGTTGGTAAATTCTCCAAAGCAAGTTTAAGAGCTAAGCTGGACCCAGTAAAATCCCGTCT
0Safe_safe_MPA_227963.4142,TGGTTCGTTAGTCGATCTCCCCACCTTGTTGGGCAGACACTACCTGAAGCAGTTTAAGAGCTAAGCTGGACCCAGTAAAATCCCGTCT
0Safe_safe_SPA_227963.5332,TGGTTCGTTAGTCGATCTCCCCACCTTGTTGGTTCCTAGAGTTTCCAGCTTGTTTAAGAGCTAAGCTGGACCCAGTAAAATCCCGTCT
0Safe_safe_U2B_227963.1258,TGGTTCGTTAGTCGATCTCCCCACCTTGTTGGTAATAGAATGGTTAACGTTTAAGAGCTAAGCTGGACCCAGTAAAATCCCGTCT
0Safe_safe_U1B_227963.488,TGGTTCGTTAGTCGATCTCCCCACCTTGTTGGGGTACATGACTGACTGCTCGTTTAAGAGCTAAGCTGGACCCAGTAAAATCCCGTCT
0Safe_safe_TMMA_227963.2911,TGGTTCGTTAGTCGATCTCCCCACCTTGTTGGATTGGACCATTATTGAGTTTAAGAGCTAAGCTGGACCCAGTAAAATCCCGTCT
0Safe_safe_ACOCB_227963.5247,TGGTTCGTTAGTCGATCTCCCCACCTTGTTGGTGTATGCTGCAAGTCTTGGTTTAAGAGCTAAGCTGGACCCAGTAAAATCCCGTCT
0Safe_safe_U2B_227963.1276,TGGTTCGTTAGTCGATCTCCCCACCTTGTTGGGAATGCGTCTGTAAGTGGTTTAAGAGCTAAGCTGGACCCAGTAAAATCCCGTCT
0Safe_safe_ACOCA_227963.4590,TGGTTCGTTAGTCGATCTCCCCACCTTGTTGGAAAGGCAGACCTTTGTCTGTTTAAGAGCTAAGCTGGACCCAGTAAAATCCCGTCT
0Safe_safe_GEB_227963.4006,TGGTTCGTTAGTCGATCTCCCCACCTTGTTGGTATGGTAATATGGATACTTGTTTAAGAGCTAAGCTGGACCCAGTAAAATCCCGTCT
0Safe_safe_MPA_227963.4212,TGGTTCGTTAGTCGATCTCCCCACCTTGTTGGATACAGATTCCCAGACAGGTTTAAGAGCTAAGCTGGACCCAGTAAAATCCCGTCT
0Safe_safe_ACOCB_227963.4979,TGGTTCGTTAGTCGATCTCCCCACCTTGTTGGAAATATTGGGTACTATGTAGTTTAAGAGCTAAGCTGGACCCAGTAAAATCCCGTCT
0Safe_safe_TMMB_227963.3320,TGGTTCGTTAGTCGATCTCCCCACCTTGTTGGTCAGCATCAACAAAAAATGTTTAAGAGCTAAGCTGGACCCAGTAAAATCCCGTCT
0Safe_safe_TMMB_227963.3003,TGGTTCGTTAGTCGATCTCCCCACCTTGTTGGAGGAAAACTGGGACAAAACGTTTAAGAGCTAAGCTGGACCCAGTAAAATCCCGTCT
0Safe_safe_TMMA_227963.2927,TGGTTCGTTAGTCGATCTCCCCACCTTGTTGGAGCTAACGAGTCTCGTGAGGTTTAAGAGCTAAGCTGGACCCAGTAAAATCCCGTCT
0Safe_safe_ACOCA_227963.4661,TGGTTCGTTAGTCGATCTCCCCACCTTGTTGGTCTTATGTTTGAAAGTCTGTTTAAGAGCTAAGCTGGACCCAGTAAAATCCCGTCT
0Safe_safe_MPA_227963.4291,TGGTTCGTTAGTCGATCTCCCCACCTTGTTGGTATTCGTTCTCAAATTCGTTTAAGAGCTAAGCTGGACCCAGTAAAATCCCGTCT
0Safe_safe_SPB_227963.6235,TGGTTCGTTAGTCGATCTCCCCACCTTGTTGGTTAATATCATCTACTAGAAGTTTAAGAGCTAAGCTGGACCCAGTAAAATCCCGTCT
0Safe_safe_DTKPA_227963.7016,TGGTTCGTTAGTCGATCTCCCCACCTTGTTGGAGCTTCCAGGGCAAGTCTGGTTTAAGAGCTAAGCTGGACCCAGTAAAATCCCGTCT
0Safe_safe_U1B_227963.461,TGGTTCGTTAGTCGATCTCCCCACCTTGTTGGACTCTAGGTTGGCTTTGGTTTAAGAGCTAAGCTGGACCCAGTAAAATCCCGTCT
0Safe_safe_GEB_227963.4044,TGGTTCGTTAGTCGATCTCCCCACCTTGTTGGTATATATACACATTTGTGGTTTAAGAGCTAAGCTGGACCCAGTAAAATCCCGTCT
0Safe_safe_U2A_227963.1846,TGGTTCGTTAGTCGATCTCCCCACCTTGTTGGAGACCATTTAGCTTTCTTGGTTTAAGAGCTAAGCTGGACCCAGTAAAATCCCGTCT
0Safe_safe_GEA_227963.3563,TGGTTCGTTAGTCGATCTCCCCACCTTGTTGGTCTCATTAGATCGAATGTTTAAGAGCTAAGCTGGACCCAGTAAAATCCCGTCT
0Safe_safe_TMMA_227963.2962,TGGTTCGTTAGTCGATCTCCCCACCTTGTTGGCACCAATATCAGTAGTAGTGTTTAAGAGCTAAGCTGGACCCAGTAAAATCCCGTCT
0Safe_safe_U1A_227963.6749,TGGTTCGTTAGTCGATCTCCCCACCTTGTTGGGTGGGGAAGGGCCCTTTGTTTAAGAGCTAAGCTGGACCCAGTAAAATCCCGTCT
0Safe_safe_ACOCA_227963.4872,TGGTTCGTTAGTCGATCTCCCCACCTTGTTGGAAAGAAAATCTGTTTAAACGTTTAAGAGCTAAGCTGGACCCAGTAAAATCCCGTCT
0Safe_safe_MU2A_227963.2509,TGGTTCGTTAGTCGATCTCCCCACCTTGTTGGCCTTGTCACACACTTCACGTTTAAGAGCTAAGCTGGACCCAGTAAAATCCCGTCT
0Safe_safe_TMMB_227963.3092,TGGTTCGTTAGTCGATCTCCCCACCTTGTTGGTTTCCTTCATTATTTGAAGGTTTAAGAGCTAAGCTGGACCCAGTAAAATCCCGTCT
0Safe_safe_MU1B_227963.1088,TGGTTCGTTAGTCGATCTCCCCACCTTGTTGGGAGATGGATATTAGGGTGTTTAAGAGCTAAGCTGGACCCAGTAAAATCCCGTCT
0Safe_safe_SPA_227963.5473,TGGTTCGTTAGTCGATCTCCCCACCTTGTTGGCAATCAGAGGTAAACATTCGTTTAAGAGCTAAGCTGGACCCAGTAAAATCCCGTCT
0Safe_safe_DTKPB_227963.7422,TGGTTCGTTAGTCGATCTCCCCACCTTGTTGGAATTTGGGGTCAGAAGCTCGTTTAAGAGCTAAGCTGGACCCAGTAAAATCCCGTCT
0Safe_safe_ACOCA_227963.4847,TGGTTCGTTAGTCGATCTCCCCACCTTGTTGGACAGAGAGAAAAGATGATGTTTAAGAGCTAAGCTGGACCCAGTAAAATCCCGTCT
0Safe_safe_TMMB_227963.3037,TGGTTCGTTAGTCGATCTCCCCACCTTGTTGGGAGATCTGATATATGGAAAGTTTAAGAGCTAAGCTGGACCCAGTAAAATCCCGTCT
0Safe_safe_GEB_227963.4010,TGGTTCGTTAGTCGATCTCCCCACCTTGTTGGACAGGGTACTTGCAGTTGTTTAAGAGCTAAGCTGGACCCAGTAAAATCCCGTCT
0Safe_safe_U2B_227963.1438,TGGTTCGTTAGTCGATCTCCCCACCTTGTTGGATTGTAGCGACTCCTAGAGGTTTAAGAGCTAAGCTGGACCCAGTAAAATCCCGTCT
0Safe_safe_MU1A_227963.2104,TGGTTCGTTAGTCGATCTCCCCACCTTGTTGGACAACTTGGAGAAAACCATGTTTAAGAGCTAAGCTGGACCCAGTAAAATCCCGTCT
0Safe_safe_TMMA_227963.2914,TGGTTCGTTAGTCGATCTCCCCACCTTGTTGGTGGTATAGATTAGGGATAAGTTTAAGAGCTAAGCTGGACCCAGTAAAATCCCGTCT
0Safe_safe_MPB_227963.5965,TGGTTCGTTAGTCGATCTCCCCACCTTGTTGGCAAAAAATAGCCTATGAGGGTTTAAGAGCTAAGCTGGACCCAGTAAAATCCCGTCT
0Safe_safe_DTKPB_227963.7457,TGGTTCGTTAGTCGATCTCCCCACCTTGTTGGAGTTATCAACAAATATCAGGTTTAAGAGCTAAGCTGGACCCAGTAAAATCCCGTCT
0Safe_safe_DTKPB_227963.7381,TGGTTCGTTAGTCGATCTCCCCACCTTGTTGGGCCTCAAAGACATTAATCAGTTTAAGAGCTAAGCTGGACCCAGTAAAATCCCGTCT
0Safe_safe_SPA_227963.5273,TGGTTCGTTAGTCGATCTCCCCACCTTGTTGGTGAGATGTCTGTAGCCACTGTTTAAGAGCTAAGCTGGACCCAGTAAAATCCCGTCT
0Safe_safe_GEA_227963.3743,TGGTTCGTTAGTCGATCTCCCCACCTTGTTGGATCTTTCTGATGGAGTTGTTTAAGAGCTAAGCTGGACCCAGTAAAATCCCGTCT
0Safe_safe_U1B_227963.724,TGGTTCGTTAGTCGATCTCCCCACCTTGTTGGACGCTGGGCCTGCCTGGGTTTAAGAGCTAAGCTGGACCCAGTAAAATCCCGTCT
0Safe_safe_MU1B_227963.970,TGGTTCGTTAGTCGATCTCCCCACCTTGTTGGGTTGTCCTTGGGCCTGATCGTTTAAGAGCTAAGCTGGACCCAGTAAAATCCCGTCT
0Safe_safe_U1B_227963.738,TGGTTCGTTAGTCGATCTCCCCACCTTGTTGGACTGTAGTCATTTCTTAGTTTAAGAGCTAAGCTGGACCCAGTAAAATCCCGTCT
0Safe_safe_MU2A_227963.2610,TGGTTCGTTAGTCGATCTCCCCACCTTGTTGGAATGCCACCACAGTGATCTGTTTAAGAGCTAAGCTGGACCCAGTAAAATCCCGTCT
0Safe_safe_U2B_227963.1463,TGGTTCGTTAGTCGATCTCCCCACCTTGTTGGAGCAAGGTATACAGGCTTTGTTTAAGAGCTAAGCTGGACCCAGTAAAATCCCGTCT
0Safe_safe_MPA_227963.4417,TGGTTCGTTAGTCGATCTCCCCACCTTGTTGGTTATAGGGTCATAATTATGTTTAAGAGCTAAGCTGGACCCAGTAAAATCCCGTCT
0Safe_safe_GEA_227963.3697,TGGTTCGTTAGTCGATCTCCCCACCTTGTTGGAGCACATATGTTCTCCACCGTTTAAGAGCTAAGCTGGACCCAGTAAAATCCCGTCT
0Safe_safe_ACOCB_227963.5240,TGGTTCGTTAGTCGATCTCCCCACCTTGTTGGAGGTACCATTATAGAAGGTTTAAGAGCTAAGCTGGACCCAGTAAAATCCCGTCT
0Safe_safe_U2A_227963.1847,TGGTTCGTTAGTCGATCTCCCCACCTTGTTGGAAATGACTTGAGAGTGTGTTTAAGAGCTAAGCTGGACCCAGTAAAATCCCGTCT
0Safe_safe_SPA_227963.5435,TGGTTCGTTAGTCGATCTCCCCACCTTGTTGGAAAACAACGTGCTTTCGTTTAAGAGCTAAGCTGGACCCAGTAAAATCCCGTCT
0Safe_safe_MPB_227963.5876,TGGTTCGTTAGTCGATCTCCCCACCTTGTTGGTTATTTCTAATGACCTGCCGTTTAAGAGCTAAGCTGGACCCAGTAAAATCCCGTCT
0Safe_safe_MU1A_227963.1979,TGGTTCGTTAGTCGATCTCCCCACCTTGTTGGAAGAGCTCACTAACCCCTGTTTAAGAGCTAAGCTGGACCCAGTAAAATCCCGTCT
0Safe_safe_DTKPB_227963.7342,TGGTTCGTTAGTCGATCTCCCCACCTTGTTGGGTGGTCTTGGGTTGGTCCGTTTAAGAGCTAAGCTGGACCCAGTAAAATCCCGTCT
0Safe_safe_MPA_227963.4499,TGGTTCGTTAGTCGATCTCCCCACCTTGTTGGCTAAACATTAGACACTTTGTTTAAGAGCTAAGCTGGACCCAGTAAAATCCCGTCT
0Safe_safe_U1A_227963.6630,TGGTTCGTTAGTCGATCTCCCCACCTTGTTGGTCTAGAGGTTCAGGTTCCTGTTTAAGAGCTAAGCTGGACCCAGTAAAATCCCGTCT
0Safe_safe_MU1B_227963.810,TGGTTCGTTAGTCGATCTCCCCACCTTGTTGGTTCTATATTCACTGGTCCTGTTTAAGAGCTAAGCTGGACCCAGTAAAATCCCGTCT
0Safe_safe_TMMB_227963.3251,TGGTTCGTTAGTCGATCTCCCCACCTTGTTGGCTGCCGCCTCACTGTATGTGTTTAAGAGCTAAGCTGGACCCAGTAAAATCCCGTCT
0Safe_safe_U1A_227963.6426,TGGTTCGTTAGTCGATCTCCCCACCTTGTTGGACTACAATAAACAATCCTGTTTAAGAGCTAAGCTGGACCCAGTAAAATCCCGTCT
0Safe_safe_U1A_227963.6462,TGGTTCGTTAGTCGATCTCCCCACCTTGTTGGCTCTTCTGTGTCCCAGACCGTTTAAGAGCTAAGCTGGACCCAGTAAAATCCCGTCT
0Safe_safe_TMMA_227963.2999,TGGTTCGTTAGTCGATCTCCCCACCTTGTTGGTTCAGAGAAAGTCTGTCGTTTAAGAGCTAAGCTGGACCCAGTAAAATCCCGTCT
0Safe_safe_DTKPA_227963.7076,TGGTTCGTTAGTCGATCTCCCCACCTTGTTGGCACTGCATGCCAGGACCACGTTTAAGAGCTAAGCTGGACCCAGTAAAATCCCGTCT
0Safe_safe_TMMB_227963.3259,TGGTTCGTTAGTCGATCTCCCCACCTTGTTGGCCAAACAGTGAGCAGGCCGGTTTAAGAGCTAAGCTGGACCCAGTAAAATCCCGTCT
0Safe_safe_MU1B_227963.984,TGGTTCGTTAGTCGATCTCCCCACCTTGTTGGAGTAATAAGCAATCATAACGTTTAAGAGCTAAGCTGGACCCAGTAAAATCCCGTCT
0Safe_safe_ACOCA_227963.4726,TGGTTCGTTAGTCGATCTCCCCACCTTGTTGGAGTCCAGATGTATTCAGTTTAAGAGCTAAGCTGGACCCAGTAAAATCCCGTCT
0Safe_safe_U2B_227963.1337,TGGTTCGTTAGTCGATCTCCCCACCTTGTTGGATACTATTTCCCCTAGTGTTTAAGAGCTAAGCTGGACCCAGTAAAATCCCGTCT
0Safe_safe_U1B_227963.705,TGGTTCGTTAGTCGATCTCCCCACCTTGTTGGTAGATATGTTGTCATCTGGGTTTAAGAGCTAAGCTGGACCCAGTAAAATCCCGTCT
0Safe_safe_GEA_227963.3559,TGGTTCGTTAGTCGATCTCCCCACCTTGTTGGCCTAGTTATGTACATATGGTTTAAGAGCTAAGCTGGACCCAGTAAAATCCCGTCT
0Safe_safe_SPB_227963.6349,TGGTTCGTTAGTCGATCTCCCCACCTTGTTGGTAGTTAGTCCTAGAGATTCGTTTAAGAGCTAAGCTGGACCCAGTAAAATCCCGTCT
0Safe_safe_ACOCA_227963.4643,TGGTTCGTTAGTCGATCTCCCCACCTTGTTGGTAGAAACTGTCCTGATGTTTAAGAGCTAAGCTGGACCCAGTAAAATCCCGTCT
0Safe_safe_U1A_227963.6697,TGGTTCGTTAGTCGATCTCCCCACCTTGTTGGCATTGAAAGATGATAAGTGTTTAAGAGCTAAGCTGGACCCAGTAAAATCCCGTCT
0Safe_safe_GEA_227963.3385,TGGTTCGTTAGTCGATCTCCCCACCTTGTTGGAAGGACTGTCTGTGATGTAGTTTAAGAGCTAAGCTGGACCCAGTAAAATCCCGTCT
0Safe_safe_MPA_227963.4444,TGGTTCGTTAGTCGATCTCCCCACCTTGTTGGTGCTGTGTCTCAATATGTTGTTTAAGAGCTAAGCTGGACCCAGTAAAATCCCGTCT
0Safe_safe_SPB_227963.6267,TGGTTCGTTAGTCGATCTCCCCACCTTGTTGGAGAACTCGAACAATGGGTGTTTAAGAGCTAAGCTGGACCCAGTAAAATCCCGTCT
0Safe_safe_SPB_227963.6090,TGGTTCGTTAGTCGATCTCCCCACCTTGTTGGAATGTGATGGTCTTGTAGTGTTTAAGAGCTAAGCTGGACCCAGTAAAATCCCGTCT
0Safe_safe_MU1B_227963.787,TGGTTCGTTAGTCGATCTCCCCACCTTGTTGGAGTCATCTTCTTTCCTATGTTTAAGAGCTAAGCTGGACCCAGTAAAATCCCGTCT
0Safe_safe_GEA_227963.3419,TGGTTCGTTAGTCGATCTCCCCACCTTGTTGGTCATGTTTGGATGATTTGTTTAAGAGCTAAGCTGGACCCAGTAAAATCCCGTCT
0Safe_safe_GEA_227963.3644,TGGTTCGTTAGTCGATCTCCCCACCTTGTTGGGTGTCAGAGAGGCAGAGGGGTTTAAGAGCTAAGCTGGACCCAGTAAAATCCCGTCT
0Safe_safe_ACOCB_227963.5000,TGGTTCGTTAGTCGATCTCCCCACCTTGTTGGTATTAGTTAGTGATAGAAGTTTAAGAGCTAAGCTGGACCCAGTAAAATCCCGTCT
0Safe_safe_DTKPA_227963.6901,TGGTTCGTTAGTCGATCTCCCCACCTTGTTGGCATTTCACTCTTTGGTGGTTTAAGAGCTAAGCTGGACCCAGTAAAATCCCGTCT
0Safe_safe_MU1B_227963.859,TGGTTCGTTAGTCGATCTCCCCACCTTGTTGGCAAAATATCTAAAGGAAGTTTAAGAGCTAAGCTGGACCCAGTAAAATCCCGTCT
0Safe_safe_TMMB_227963.3124,TGGTTCGTTAGTCGATCTCCCCACCTTGTTGGTTGGTAAGCAAAGATTGTTTAAGAGCTAAGCTGGACCCAGTAAAATCCCGTCT
0Safe_safe_MPA_227963.4483,TGGTTCGTTAGTCGATCTCCCCACCTTGTTGGGACCCAGCAAAGTTATTCCGTTTAAGAGCTAAGCTGGACCCAGTAAAATCCCGTCT
0Safe_safe_MU1A_227963.2113,TGGTTCGTTAGTCGATCTCCCCACCTTGTTGGAGCGATAGTTATTACAGGTTTAAGAGCTAAGCTGGACCCAGTAAAATCCCGTCT
0Safe_safe_ACOCB_227963.5157,TGGTTCGTTAGTCGATCTCCCCACCTTGTTGGATCAGGTTGTGAAGCATGGTTTAAGAGCTAAGCTGGACCCAGTAAAATCCCGTCT
0Safe_safe_SPA_227963.5308,TGGTTCGTTAGTCGATCTCCCCACCTTGTTGGGCTTCTGCTATGTGGGGCTGTTTAAGAGCTAAGCTGGACCCAGTAAAATCCCGTCT