ENSMUSG00000021221_Dpf3_SPA_199320.1,GCTTCTTGCGCCAGCAGC
ENSMUSG00000021221_Dpf3_SPA_199321.2,GTACAACTGGCCCGGAGCG
ENSMUSG00000021221_Dpf3_SPA_199322.3,GTTCCCAAGCGCAAGAAC
ENSMUSG00000021221_Dpf3_SPA_199323.4,GTAAATCCATCTTTCTTCAG
ENSMUSG00000021221_Dpf3_SPA_199324.5,GGAAGCCTTGCTTCGCGGCG
ENSMUSG00000032641_Gpr19_MPA_87625.1,GCTGCCCCATGGCCTGAT
ENSMUSG00000032641_Gpr19_MPA_87626.2,GTGGTTGTTCTCCATCTT
ENSMUSG00000032641_Gpr19_MPA_87627.3,GTTCTGAAGGGGCACCAGCA
ENSMUSG00000032641_Gpr19_MPA_87628.4,GCACGACAAACGGCGTGC
ENSMUSG00000032641_Gpr19_MPA_87629.5,GAGTCCTCCGGCTCCGG
ENSMUSG00000030774_Pak1_DTKPA_106110.1,GAGGGGCTGGGGGTTTGTCC
ENSMUSG00000030774_Pak1_DTKPA_106111.2,GTAAGATGGATCGATAAAAC
ENSMUSG00000030774_Pak1_DTKPA_106112.3,GCAAGCGAGCCCACTGTTC
ENSMUSG00000030774_Pak1_DTKPA_106113.4,GAAAAACCCACAGGCTGTTC
ENSMUSG00000030774_Pak1_DTKPA_106114.5,GTATGCTCAAAATCTGA
ENSMUSG00000045205_Dpy19l4_MPA_115981.1,GGGATGCTTACTGTTGCG
ENSMUSG00000045205_Dpy19l4_MPA_115982.2,GCATCATACCACTAATAA
ENSMUSG00000045205_Dpy19l4_MPA_115983.3,GTCGAGGTACTCAGCAAC
ENSMUSG00000045205_Dpy19l4_MPA_115984.4,GCGGATCTTCTCTGCTT
ENSMUSG00000045205_Dpy19l4_MPA_115985.5,GCAAAGAACTTCAGGAAGTC
ENSMUSG00000029462_Vps29_SPB_120714.1,GATCTGCACATTCCGCAC
ENSMUSG00000029462_Vps29_SPB_120715.2,GCAGAGGTTGCCGGTGCAG
ENSMUSG00000029462_Vps29_SPB_120716.3,GAGATAGTCGTAGCTCTCCT
ENSMUSG00000029462_Vps29_SPB_120717.4,GGGTAGCAGCCGCCGTG
ENSMUSG00000029462_Vps29_SPB_120718.5,GCTAGCCATGTCTCCCCA
ENSMUSG00000041308_Sntb2_U1A_4564.1,GCTCCACCAGCCCCGCTT
ENSMUSG00000041308_Sntb2_U1A_4565.2,GCCGGCGGCCGCCTTCAA
ENSMUSG00000041308_Sntb2_U1A_4566.3,GGCCACGGTTCGGGCTCC
ENSMUSG00000041308_Sntb2_U1A_4567.4,GCAAGAGGCGGGCGGCCT
ENSMUSG00000041308_Sntb2_U1A_4568.5,GGCGTCGCCCGTCAGGCTC
ENSMUSG00000021326_Trim27_SPB_11031.1,GGCACTCGGCCACGCTCC
ENSMUSG00000021326_Trim27_SPB_11032.2,GGCTCCACGAAGTACTGA
ENSMUSG00000021326_Trim27_SPB_11033.3,GGGTCGCATGTGGCGCTG
ENSMUSG00000021326_Trim27_SPB_11034.4,GGCACGCGCAACAGATGTTG
ENSMUSG00000021326_Trim27_SPB_11035.5,GGTGGTCCAGTCGGTTC
ENSMUSG00000072941_Sod3_U1B_165803.1,GCAAGCCGTAGAACAAGA
ENSMUSG00000072941_Sod3_U1B_165804.2,GCTTCGACCTAGCAGAC
ENSMUSG00000072941_Sod3_U1B_165805.3,GTCACCATGTCAAATCCAG
ENSMUSG00000072941_Sod3_U1B_165806.4,GACCTGGTTGAGAAGAT
ENSMUSG00000072941_Sod3_U1B_165807.5,GGTGATCTGCGGCTGATC
ENSMUSG00000038855_Itpkb_DTKPB_97323.1,GGGACAGCGACTCTGCTG
ENSMUSG00000038855_Itpkb_DTKPB_97324.2,GAATAGTAGCAGCGGTAG
ENSMUSG00000038855_Itpkb_DTKPB_97325.3,GCTATGCCCTCAATAGCC
ENSMUSG00000038855_Itpkb_DTKPB_97326.4,GAAGCCCGCGTTTGGGTA
ENSMUSG00000038855_Itpkb_DTKPB_97327.5,GCACCAACGAGCTCAAGAG
ENSMUSG00000042826_Fgf11_U1B_17385.1,GATCCGACAGAAGCGGG
ENSMUSG00000042826_Fgf11_U1B_17386.2,GCAAAGTGACTTGGTACCGC
ENSMUSG00000042826_Fgf11_U1B_17387.3,GTCGCACCTTGGACAGC
ENSMUSG00000042826_Fgf11_U1B_17388.4,GTCCCACGCGACAGGACCG
ENSMUSG00000042826_Fgf11_U1B_17389.5,GTGACGATGCCTTTGAGCTG
0Safe_safe_MPB_227963.5631,GATCTATAAAATGCTCAA
0Safe_safe_GEA_227963.3667,GGGTATAGAAATGGCATG
0Safe_safe_GEB_227963.3894,GGGGATTATAATGATAGTAA
0Safe_safe_DTKPA_227963.7013,GAGCAGATGAAATTCAAA
0Safe_safe_U1B_227963.584,GGAGTACAGCTGGGCTACT
0Safe_safe_GEB_227963.4028,GCTTCCACTTCCTGTGAT
0Safe_safe_MU1A_227963.1880,GTGCTATAGACATAAGAT
0Safe_safe_MU2A_227963.2483,GGGTGGAGTCGGGCGAATCC
0Safe_safe_SPA_227963.5611,GAGCCAGATTTAATTAAGAT
0Safe_safe_SPB_227963.6221,GGAAATATGTTAGAGTA
0Safe_safe_MU2B_227963.256,GACACTTGAATGCAGACTCT
0Safe_safe_SPA_227963.5384,GTAAAAAGTGCTTTAGACAC
0Safe_safe_SPA_227963.5300,GGAATAAGTGCTGAGACCAC
0Safe_safe_TMMB_227963.3187,GTAAATTCTCCAAAGCAA
0Safe_safe_MPA_227963.4142,GGCAGACACTACCTGAAGCA
0Safe_safe_SPA_227963.5332,GTTCCTAGAGTTTCCAGCTT
0Safe_safe_U2B_227963.1258,GTAATAGAATGGTTAAC
0Safe_safe_U1B_227963.488,GGGTACATGACTGACTGCTC
0Safe_safe_TMMA_227963.2911,GATTGGACCATTATTGA
0Safe_safe_ACOCB_227963.5247,GTGTATGCTGCAAGTCTTG
0Safe_safe_U2B_227963.1276,GGAATGCGTCTGTAAGTG
0Safe_safe_ACOCA_227963.4590,GAAAGGCAGACCTTTGTCT
0Safe_safe_GEB_227963.4006,GTATGGTAATATGGATACTT
0Safe_safe_MPA_227963.4212,GATACAGATTCCCAGACAG
0Safe_safe_ACOCB_227963.4979,GAAATATTGGGTACTATGTA
0Safe_safe_TMMB_227963.3320,GTCAGCATCAACAAAAAAT
0Safe_safe_TMMB_227963.3003,GAGGAAAACTGGGACAAAAC
0Safe_safe_TMMA_227963.2927,GAGCTAACGAGTCTCGTGAG
0Safe_safe_ACOCA_227963.4661,GTCTTATGTTTGAAAGTCT
0Safe_safe_MPA_227963.4291,GTATTCGTTCTCAAATTC
0Safe_safe_SPB_227963.6235,GTTAATATCATCTACTAGAA
0Safe_safe_DTKPA_227963.7016,GAGCTTCCAGGGCAAGTCTG
0Safe_safe_U1B_227963.461,GACTCTAGGTTGGCTTTG
0Safe_safe_GEB_227963.4044,GTATATATACACATTTGTG
0Safe_safe_U2A_227963.1846,GAGACCATTTAGCTTTCTTG
0Safe_safe_GEA_227963.3563,GTCTCATTAGATCGAAT
0Safe_safe_TMMA_227963.2962,GCACCAATATCAGTAGTAGT
0Safe_safe_U1A_227963.6749,GGTGGGGAAGGGCCCTTT
0Safe_safe_ACOCA_227963.4872,GAAAGAAAATCTGTTTAAAC
0Safe_safe_MU2A_227963.2509,GCCTTGTCACACACTTCAC
0Safe_safe_TMMB_227963.3092,GTTTCCTTCATTATTTGAAG
0Safe_safe_MU1B_227963.1088,GGAGATGGATATTAGGGT
0Safe_safe_SPA_227963.5473,GCAATCAGAGGTAAACATTC
0Safe_safe_DTKPB_227963.7422,GAATTTGGGGTCAGAAGCTC
0Safe_safe_ACOCA_227963.4847,GACAGAGAGAAAAGATGAT
0Safe_safe_TMMB_227963.3037,GGAGATCTGATATATGGAAA
0Safe_safe_GEB_227963.4010,GACAGGGTACTTGCAGTT
0Safe_safe_U2B_227963.1438,GATTGTAGCGACTCCTAGAG
0Safe_safe_MU1A_227963.2104,GACAACTTGGAGAAAACCAT
0Safe_safe_TMMA_227963.2914,GTGGTATAGATTAGGGATAA
0Safe_safe_MPB_227963.5965,GCAAAAAATAGCCTATGAGG
0Safe_safe_DTKPB_227963.7457,GAGTTATCAACAAATATCAG
0Safe_safe_DTKPB_227963.7381,GGCCTCAAAGACATTAATCA
0Safe_safe_SPA_227963.5273,GTGAGATGTCTGTAGCCACT
0Safe_safe_GEA_227963.3743,GATCTTTCTGATGGAGTT
0Safe_safe_U1B_227963.724,GACGCTGGGCCTGCCTGG
0Safe_safe_MU1B_227963.970,GGTTGTCCTTGGGCCTGATC
0Safe_safe_U1B_227963.738,GACTGTAGTCATTTCTTA
0Safe_safe_MU2A_227963.2610,GAATGCCACCACAGTGATCT
0Safe_safe_U2B_227963.1463,GAGCAAGGTATACAGGCTTT
0Safe_safe_MPA_227963.4417,GTTATAGGGTCATAATTAT
0Safe_safe_GEA_227963.3697,GAGCACATATGTTCTCCACC
0Safe_safe_ACOCB_227963.5240,GAGGTACCATTATAGAAG
0Safe_safe_U2A_227963.1847,GAAATGACTTGAGAGTGT
0Safe_safe_SPA_227963.5435,GAAAACAACGTGCTTTC
0Safe_safe_MPB_227963.5876,GTTATTTCTAATGACCTGCC
0Safe_safe_MU1A_227963.1979,GAAGAGCTCACTAACCCCT
0Safe_safe_DTKPB_227963.7342,GGTGGTCTTGGGTTGGTCC
0Safe_safe_MPA_227963.4499,GCTAAACATTAGACACTTT
0Safe_safe_U1A_227963.6630,GTCTAGAGGTTCAGGTTCCT
0Safe_safe_MU1B_227963.810,GTTCTATATTCACTGGTCCT
0Safe_safe_TMMB_227963.3251,GCTGCCGCCTCACTGTATGT
0Safe_safe_U1A_227963.6426,GACTACAATAAACAATCCT
0Safe_safe_U1A_227963.6462,GCTCTTCTGTGTCCCAGACC
0Safe_safe_TMMA_227963.2999,GTTCAGAGAAAGTCTGTC
0Safe_safe_DTKPA_227963.7076,GCACTGCATGCCAGGACCAC
0Safe_safe_TMMB_227963.3259,GCCAAACAGTGAGCAGGCCG
0Safe_safe_MU1B_227963.984,GAGTAATAAGCAATCATAAC
0Safe_safe_ACOCA_227963.4726,GAGTCCAGATGTATTCA
0Safe_safe_U2B_227963.1337,GATACTATTTCCCCTAGT
0Safe_safe_U1B_227963.705,GTAGATATGTTGTCATCTGG
0Safe_safe_GEA_227963.3559,GCCTAGTTATGTACATATG
0Safe_safe_SPB_227963.6349,GTAGTTAGTCCTAGAGATTC
0Safe_safe_ACOCA_227963.4643,GTAGAAACTGTCCTGAT
0Safe_safe_U1A_227963.6697,GCATTGAAAGATGATAAGT
0Safe_safe_GEA_227963.3385,GAAGGACTGTCTGTGATGTA
0Safe_safe_MPA_227963.4444,GTGCTGTGTCTCAATATGTT
0Safe_safe_SPB_227963.6267,GAGAACTCGAACAATGGGT
0Safe_safe_SPB_227963.6090,GAATGTGATGGTCTTGTAGT
0Safe_safe_MU1B_227963.787,GAGTCATCTTCTTTCCTAT
0Safe_safe_GEA_227963.3419,GTCATGTTTGGATGATTT
0Safe_safe_GEA_227963.3644,GGTGTCAGAGAGGCAGAGGG
0Safe_safe_ACOCB_227963.5000,GTATTAGTTAGTGATAGAA
0Safe_safe_DTKPA_227963.6901,GCATTTCACTCTTTGGTG
0Safe_safe_MU1B_227963.859,GCAAAATATCTAAAGGAA
0Safe_safe_TMMB_227963.3124,GTTGGTAAGCAAAGATT
0Safe_safe_MPA_227963.4483,GGACCCAGCAAAGTTATTCC
0Safe_safe_MU1A_227963.2113,GAGCGATAGTTATTACAG
0Safe_safe_ACOCB_227963.5157,GATCAGGTTGTGAAGCATG
0Safe_safe_SPA_227963.5308,GGCTTCTGCTATGTGGGGCT
ENSMUSG00000021796_Bmpr1a_DTKPA_56308.1,GATTTCATACCAGTGCCA
ENSMUSG00000021796_Bmpr1a_DTKPA_56309.2,GAGAAATGATGAACAGAC
ENSMUSG00000021796_Bmpr1a_DTKPA_56310.3,GAGCAATAGCACTTTAAGAA
ENSMUSG00000021796_Bmpr1a_DTKPA_56311.4,GGAGTGACTTTAGCACCAG
ENSMUSG00000021796_Bmpr1a_DTKPA_56312.5,GTGTTATTAATAGCATCATC
ENSMUSG00000067336_Bmpr2_DTKPB_124594.1,GGACGGCCCATAGCAGCC
ENSMUSG00000067336_Bmpr2_DTKPB_124595.2,GAAAGGGCCGATGCAGCG
ENSMUSG00000067336_Bmpr2_DTKPB_124596.3,GATAGTCGCCTTATGTTT
ENSMUSG00000067336_Bmpr2_DTKPB_124597.4,GAGTGGTGTTGTGTCAGG
ENSMUSG00000067336_Bmpr2_DTKPB_124598.5,GATCCATATCAACAAGATCT
ENSMUSG00000021379_Id4_ACOCB_44036.1,GCAGCCCGACGGCGCCTTG
ENSMUSG00000021379_Id4_ACOCB_44037.2,GCTGGCGCTACGCTGCCTGG
ENSMUSG00000021379_Id4_ACOCB_44038.3,GGCACAGCGCCGGCTCAT
ENSMUSG00000021379_Id4_ACOCB_44039.4,GCTACAGTCGCCTGCGG
ENSMUSG00000021379_Id4_ACOCB_44040.5,GCACGTTATCGACTACATCC
ENSMUSG00000023067_Cdkn1a_DTKPA_175183.1,GTTGTCTCTTCGGTCCCG
ENSMUSG00000023067_Cdkn1a_DTKPA_175184.2,GGAACAGGTCGGACATCACC
ENSMUSG00000023067_Cdkn1a_DTKPA_175185.3,GTGATTGCGATGCGCTCA
ENSMUSG00000023067_Cdkn1a_DTKPA_175186.4,GACGAAGTTGCCCTCCAG
ENSMUSG00000023067_Cdkn1a_DTKPA_175187.5,GTCACGGCTGCGGGACCC
ENSMUSG00000005533_Igf1r_DTKPA_73317.1,GTTGCGGATGTCAATGCC
ENSMUSG00000005533_Igf1r_DTKPA_73318.2,GCTGCTCTTCCGAGTCGC
ENSMUSG00000005533_Igf1r_DTKPA_73319.3,GTGATGACGGTGAGCTTG
ENSMUSG00000005533_Igf1r_DTKPA_73320.4,GCCCAATATCCTTGAGAT
ENSMUSG00000005533_Igf1r_DTKPA_73321.5,GGTCCCCACATTCCTTCG
ENSMUSG00000020932_Gfap_ACOCB_94933.1,GTTGTCGACTAGGACCG
ENSMUSG00000020932_Gfap_ACOCB_94934.2,GCCTCCGAGACGGTGGTC
ENSMUSG00000020932_Gfap_ACOCB_94935.3,GGCCGGGGCGCTCAATGC
ENSMUSG00000020932_Gfap_ACOCB_94936.4,GGAGGAGTCATTCGAGACA
ENSMUSG00000020932_Gfap_ACOCB_94937.5,GACATCAGCCAGTTTGGT
ENSMUSG00000020052_Ascl1_GEA_207742.1,GCTTCTTTGCGACCGCGG
ENSMUSG00000020052_Ascl1_GEA_207743.2,GCGCGCTCTGAGCTGCCG
ENSMUSG00000020052_Ascl1_GEA_207744.3,GGCAAGATGGAGAGTGGAGC
ENSMUSG00000020052_Ascl1_GEA_207745.4,GGAGGCAGGAAGGGCTGCGG
ENSMUSG00000020052_Ascl1_GEA_207746.5,GAGGGCTGGCTGTCGGCCAC
ENSMUSG00000074637_Sox2_U1A_82304.1,GCCCCCCGAAGCTTGCTG
ENSMUSG00000074637_Sox2_U1A_82305.2,GGGCCTCTTGACGCGGTC
ENSMUSG00000074637_Sox2_U1A_82306.3,GAGACGGAGCTGAAGCCGCC
ENSMUSG00000074637_Sox2_U1A_82307.4,GGCGGAGGAGGCAACGCCA
ENSMUSG00000074637_Sox2_U1A_82308.5,GTTTCCACTCCGCGCCC
ENSMUSG00000022528_Hes1_SPB_47609.1,GTGCTCAGAGGCCGTCTT
ENSMUSG00000022528_Hes1_SPB_47610.2,GGGGTAGCAGCCACCGGGG
ENSMUSG00000022528_Hes1_SPB_47611.3,GGCATTCCAAGCTAGAGA
ENSMUSG00000022528_Hes1_SPB_47612.4,GCAGCCGAGTGCGCACCT
ENSMUSG00000022528_Hes1_SPB_47613.5,GGTCATCTGCGCCCGCTGC
ENSMUSG00000039830_Olig2_ACOCA_148873.1,GATGGGCGACTAGACACC
ENSMUSG00000039830_Olig2_ACOCA_148874.2,GCCGCCCAGTTTGTCCCC
ENSMUSG00000039830_Olig2_ACOCA_148875.3,GCGGGCAGAAAAAGATCATC
ENSMUSG00000039830_Olig2_ACOCA_148876.4,GCAGTCGCTCGGCGTGGACG
ENSMUSG00000039830_Olig2_ACOCA_148877.5,GCCCATGGCCCCTCGTAGCT