ENSMUSG00000021796_Bmpr1a_DTKPA_56308.1,GATTTCATACCAGTGCCA
ENSMUSG00000021796_Bmpr1a_DTKPA_56309.2,GAGAAATGATGAACAGAC
ENSMUSG00000021796_Bmpr1a_DTKPA_56310.3,GAGCAATAGCACTTTAAGAA
ENSMUSG00000021796_Bmpr1a_DTKPA_56311.4,GGAGTGACTTTAGCACCAG
ENSMUSG00000021796_Bmpr1a_DTKPA_56312.5,GTGTTATTAATAGCATCATC
ENSMUSG00000067336_Bmpr2_DTKPB_124594.1,GGACGGCCCATAGCAGCC
ENSMUSG00000067336_Bmpr2_DTKPB_124595.2,GAAAGGGCCGATGCAGCG
ENSMUSG00000067336_Bmpr2_DTKPB_124596.3,GATAGTCGCCTTATGTTT
ENSMUSG00000067336_Bmpr2_DTKPB_124597.4,GAGTGGTGTTGTGTCAGG
ENSMUSG00000067336_Bmpr2_DTKPB_124598.5,GATCCATATCAACAAGATCT
ENSMUSG00000021379_Id4_ACOCB_44036.1,GCAGCCCGACGGCGCCTTG
ENSMUSG00000021379_Id4_ACOCB_44037.2,GCTGGCGCTACGCTGCCTGG
ENSMUSG00000021379_Id4_ACOCB_44038.3,GGCACAGCGCCGGCTCAT
ENSMUSG00000021379_Id4_ACOCB_44039.4,GCTACAGTCGCCTGCGG
ENSMUSG00000021379_Id4_ACOCB_44040.5,GCACGTTATCGACTACATCC
ENSMUSG00000023067_Cdkn1a_DTKPA_175183.1,GTTGTCTCTTCGGTCCCG
ENSMUSG00000023067_Cdkn1a_DTKPA_175184.2,GGAACAGGTCGGACATCACC
ENSMUSG00000023067_Cdkn1a_DTKPA_175185.3,GTGATTGCGATGCGCTCA
ENSMUSG00000023067_Cdkn1a_DTKPA_175186.4,GACGAAGTTGCCCTCCAG
ENSMUSG00000023067_Cdkn1a_DTKPA_175187.5,GTCACGGCTGCGGGACCC
ENSMUSG00000005533_Igf1r_DTKPA_73317.1,GTTGCGGATGTCAATGCC
ENSMUSG00000005533_Igf1r_DTKPA_73318.2,GCTGCTCTTCCGAGTCGC
ENSMUSG00000005533_Igf1r_DTKPA_73319.3,GTGATGACGGTGAGCTTG
ENSMUSG00000005533_Igf1r_DTKPA_73320.4,GCCCAATATCCTTGAGAT
ENSMUSG00000005533_Igf1r_DTKPA_73321.5,GGTCCCCACATTCCTTCG
ENSMUSG00000020932_Gfap_ACOCB_94933.1,GTTGTCGACTAGGACCG
ENSMUSG00000020932_Gfap_ACOCB_94934.2,GCCTCCGAGACGGTGGTC
ENSMUSG00000020932_Gfap_ACOCB_94935.3,GGCCGGGGCGCTCAATGC
ENSMUSG00000020932_Gfap_ACOCB_94936.4,GGAGGAGTCATTCGAGACA
ENSMUSG00000020932_Gfap_ACOCB_94937.5,GACATCAGCCAGTTTGGT
ENSMUSG00000020052_Ascl1_GEA_207742.1,GCTTCTTTGCGACCGCGG
ENSMUSG00000020052_Ascl1_GEA_207743.2,GCGCGCTCTGAGCTGCCG
ENSMUSG00000020052_Ascl1_GEA_207744.3,GGCAAGATGGAGAGTGGAGC
ENSMUSG00000020052_Ascl1_GEA_207745.4,GGAGGCAGGAAGGGCTGCGG
ENSMUSG00000020052_Ascl1_GEA_207746.5,GAGGGCTGGCTGTCGGCCAC
ENSMUSG00000074637_Sox2_U1A_82304.1,GCCCCCCGAAGCTTGCTG
ENSMUSG00000074637_Sox2_U1A_82305.2,GGGCCTCTTGACGCGGTC
ENSMUSG00000074637_Sox2_U1A_82306.3,GAGACGGAGCTGAAGCCGCC
ENSMUSG00000074637_Sox2_U1A_82307.4,GGCGGAGGAGGCAACGCCA
ENSMUSG00000074637_Sox2_U1A_82308.5,GTTTCCACTCCGCGCCC
ENSMUSG00000022528_Hes1_SPB_47609.1,GTGCTCAGAGGCCGTCTT
ENSMUSG00000022528_Hes1_SPB_47610.2,GGGGTAGCAGCCACCGGGG
ENSMUSG00000022528_Hes1_SPB_47611.3,GGCATTCCAAGCTAGAGA
ENSMUSG00000022528_Hes1_SPB_47612.4,GCAGCCGAGTGCGCACCT
ENSMUSG00000022528_Hes1_SPB_47613.5,GGTCATCTGCGCCCGCTGC
ENSMUSG00000039830_Olig2_ACOCA_148873.1,GATGGGCGACTAGACACC
ENSMUSG00000039830_Olig2_ACOCA_148874.2,GCCGCCCAGTTTGTCCCC
ENSMUSG00000039830_Olig2_ACOCA_148875.3,GCGGGCAGAAAAAGATCATC
ENSMUSG00000039830_Olig2_ACOCA_148876.4,GCAGTCGCTCGGCGTGGACG
ENSMUSG00000039830_Olig2_ACOCA_148877.5,GCCCATGGCCCCTCGTAGCT