0Safe_safe_U1A_227963.6710,CTTAAGGTTTGCCCATTCCCCCACCTTGTTGGGATTTCCACTTTACTTGTTTAAGAGCTAAGCTGACACCGTGGAAGCTATAACA
0Safe_safe_MPB_227963.5900,CTTAAGGTTTGCCCATTCCCCCACCTTGTTGGATGGCCCTCTCATTTGGTTTAAGAGCTAAGCTGACACCGTGGAAGCTATAACA
0Safe_safe_SPA_227963.5579,CTTAAGGTTTGCCCATTCCCCCACCTTGTTGGTTTCACAGGGCAACATAGCGTTTAAGAGCTAAGCTGACACCGTGGAAGCTATAACA
0Safe_safe_MPA_227963.4287,CTTAAGGTTTGCCCATTCCCCCACCTTGTTGGCTTCTAGACCACCTATCAGTTTAAGAGCTAAGCTGACACCGTGGAAGCTATAACA
0Safe_safe_ACOCB_227963.5137,CTTAAGGTTTGCCCATTCCCCCACCTTGTTGGAGGGTGAGTGTAGGACTTGGTTTAAGAGCTAAGCTGACACCGTGGAAGCTATAACA
0Safe_safe_GEB_227963.3757,CTTAAGGTTTGCCCATTCCCCCACCTTGTTGGGACATTTGTAATAGTTACCGTTTAAGAGCTAAGCTGACACCGTGGAAGCTATAACA
0Safe_safe_MPB_227963.5969,CTTAAGGTTTGCCCATTCCCCCACCTTGTTGGAATTTCTAGATCAGAAGCCGTTTAAGAGCTAAGCTGACACCGTGGAAGCTATAACA
0Safe_safe_ACOCB_227963.5131,CTTAAGGTTTGCCCATTCCCCCACCTTGTTGGCTACCTGCCAGTCTGTAGAGTTTAAGAGCTAAGCTGACACCGTGGAAGCTATAACA
0Safe_safe_U2A_227963.1514,CTTAAGGTTTGCCCATTCCCCCACCTTGTTGGAAGCTTCTTTGAGTATTGTTTAAGAGCTAAGCTGACACCGTGGAAGCTATAACA
0Safe_safe_U1B_227963.742,CTTAAGGTTTGCCCATTCCCCCACCTTGTTGGTAAACACAGCAGACAACTCGTTTAAGAGCTAAGCTGACACCGTGGAAGCTATAACA
0Safe_safe_MU2B_227963.104,CTTAAGGTTTGCCCATTCCCCCACCTTGTTGGTAGTGAAATAAATGTCAACGTTTAAGAGCTAAGCTGACACCGTGGAAGCTATAACA
0Safe_safe_MPB_227963.5734,CTTAAGGTTTGCCCATTCCCCCACCTTGTTGGAATATGAAGCAGATACCACGTTTAAGAGCTAAGCTGACACCGTGGAAGCTATAACA
0Safe_safe_ACOCB_227963.5083,CTTAAGGTTTGCCCATTCCCCCACCTTGTTGGCCAACCACATACAACACTAGTTTAAGAGCTAAGCTGACACCGTGGAAGCTATAACA
0Safe_safe_MU1A_227963.2136,CTTAAGGTTTGCCCATTCCCCCACCTTGTTGGTCAAGGCTTGGGGTGAGGTTTAAGAGCTAAGCTGACACCGTGGAAGCTATAACA
0Safe_safe_SPA_227963.5304,CTTAAGGTTTGCCCATTCCCCCACCTTGTTGGTATTTACCATGACAACAGTTTAAGAGCTAAGCTGACACCGTGGAAGCTATAACA
0Safe_safe_MU1A_227963.2184,CTTAAGGTTTGCCCATTCCCCCACCTTGTTGGAAAATTCAGAAAATGCCGTTTAAGAGCTAAGCTGACACCGTGGAAGCTATAACA
0Safe_safe_MPA_227963.4404,CTTAAGGTTTGCCCATTCCCCCACCTTGTTGGTCTCTACTTCAACCTCTGGTTTAAGAGCTAAGCTGACACCGTGGAAGCTATAACA
0Safe_safe_TMMB_227963.3119,CTTAAGGTTTGCCCATTCCCCCACCTTGTTGGCATATGTACATATGAACAGGTTTAAGAGCTAAGCTGACACCGTGGAAGCTATAACA
0Safe_safe_MPA_227963.4207,CTTAAGGTTTGCCCATTCCCCCACCTTGTTGGAAAATGGAGTTATATTAGTGTTTAAGAGCTAAGCTGACACCGTGGAAGCTATAACA
0Safe_safe_MPB_227963.5873,CTTAAGGTTTGCCCATTCCCCCACCTTGTTGGAGGGTGGAGAATATGGTATGTTTAAGAGCTAAGCTGACACCGTGGAAGCTATAACA
0Safe_safe_MU2A_227963.2378,CTTAAGGTTTGCCCATTCCCCCACCTTGTTGGAATGTCTAAAAATCTTTGTTTAAGAGCTAAGCTGACACCGTGGAAGCTATAACA
0Safe_safe_U1A_227963.6652,CTTAAGGTTTGCCCATTCCCCCACCTTGTTGGAAATAAAACGTGTGCTCACGTTTAAGAGCTAAGCTGACACCGTGGAAGCTATAACA
0Safe_safe_U1B_227963.628,CTTAAGGTTTGCCCATTCCCCCACCTTGTTGGTTCTCAGTAAGTAACCAGGGTTTAAGAGCTAAGCTGACACCGTGGAAGCTATAACA
0Safe_safe_ACOCA_227963.4688,CTTAAGGTTTGCCCATTCCCCCACCTTGTTGGATGTGGAGTTGAGATTACTGTTTAAGAGCTAAGCTGACACCGTGGAAGCTATAACA
0Safe_safe_TMMB_227963.3072,CTTAAGGTTTGCCCATTCCCCCACCTTGTTGGCTTTATATATGCTGAAGCAGTTTAAGAGCTAAGCTGACACCGTGGAAGCTATAACA
0Safe_safe_MPB_227963.5865,CTTAAGGTTTGCCCATTCCCCCACCTTGTTGGATGATTAGATGCAATGCATGTTTAAGAGCTAAGCTGACACCGTGGAAGCTATAACA
0Safe_safe_DTKPA_227963.6785,CTTAAGGTTTGCCCATTCCCCCACCTTGTTGGAATTTCTCCCTAAGGTTGTTTAAGAGCTAAGCTGACACCGTGGAAGCTATAACA
0Safe_safe_MPB_227963.5627,CTTAAGGTTTGCCCATTCCCCCACCTTGTTGGAAATCCTTACCTAAGACAAGTTTAAGAGCTAAGCTGACACCGTGGAAGCTATAACA
0Safe_safe_MPA_227963.4497,CTTAAGGTTTGCCCATTCCCCCACCTTGTTGGTTGGGCAATGGGCCCCCGTTTAAGAGCTAAGCTGACACCGTGGAAGCTATAACA
0Safe_safe_MPB_227963.5850,CTTAAGGTTTGCCCATTCCCCCACCTTGTTGGTTTCTTTAGTCTCCTAAGTTTAAGAGCTAAGCTGACACCGTGGAAGCTATAACA
0Safe_safe_U2A_227963.1536,CTTAAGGTTTGCCCATTCCCCCACCTTGTTGGATTCTTTCGCTCAGGGCGCGTTTAAGAGCTAAGCTGACACCGTGGAAGCTATAACA
0Safe_safe_GEB_227963.3872,CTTAAGGTTTGCCCATTCCCCCACCTTGTTGGAGGGTTTATTCTAAGCTTAGTTTAAGAGCTAAGCTGACACCGTGGAAGCTATAACA
0Safe_safe_MU1A_227963.2213,CTTAAGGTTTGCCCATTCCCCCACCTTGTTGGTTTGTACGTGAGAGCCTGCGTTTAAGAGCTAAGCTGACACCGTGGAAGCTATAACA
0Safe_safe_GEB_227963.3816,CTTAAGGTTTGCCCATTCCCCCACCTTGTTGGAAGTTTCTAAACAACTATGTTTAAGAGCTAAGCTGACACCGTGGAAGCTATAACA
0Safe_safe_DTKPA_227963.6929,CTTAAGGTTTGCCCATTCCCCCACCTTGTTGGACCAGACAAGTTGCATATCGTTTAAGAGCTAAGCTGACACCGTGGAAGCTATAACA
0Safe_safe_MU2A_227963.2457,CTTAAGGTTTGCCCATTCCCCCACCTTGTTGGTAGAGGATAGGGCCGCTTTGTTTAAGAGCTAAGCTGACACCGTGGAAGCTATAACA
0Safe_safe_U2A_227963.1554,CTTAAGGTTTGCCCATTCCCCCACCTTGTTGGTAAAACTATTTGTACTGCCGTTTAAGAGCTAAGCTGACACCGTGGAAGCTATAACA
0Safe_safe_SPB_227963.6251,CTTAAGGTTTGCCCATTCCCCCACCTTGTTGGTGGTCAGAAGATTACTGTTTAAGAGCTAAGCTGACACCGTGGAAGCTATAACA
0Safe_safe_MPA_227963.4329,CTTAAGGTTTGCCCATTCCCCCACCTTGTTGGCACTATACATGTCTAATGTTTAAGAGCTAAGCTGACACCGTGGAAGCTATAACA
0Safe_safe_U1A_227963.6587,CTTAAGGTTTGCCCATTCCCCCACCTTGTTGGAGAGTCACCATGCTTCGTTTAAGAGCTAAGCTGACACCGTGGAAGCTATAACA
0Safe_safe_ACOCA_227963.4667,CTTAAGGTTTGCCCATTCCCCCACCTTGTTGGTCTACCATATGCCTTCTGCGTTTAAGAGCTAAGCTGACACCGTGGAAGCTATAACA
0Safe_safe_MPB_227963.5762,CTTAAGGTTTGCCCATTCCCCCACCTTGTTGGTTAAACCATAGGTAAGAGTTTAAGAGCTAAGCTGACACCGTGGAAGCTATAACA
0Safe_safe_MU2A_227963.2338,CTTAAGGTTTGCCCATTCCCCCACCTTGTTGGAAAGAAAAAATAGAGAACTGTTTAAGAGCTAAGCTGACACCGTGGAAGCTATAACA
0Safe_safe_U2A_227963.1599,CTTAAGGTTTGCCCATTCCCCCACCTTGTTGGGTACTGAAGTTGTAACAGTTTAAGAGCTAAGCTGACACCGTGGAAGCTATAACA
0Safe_safe_U2B_227963.1173,CTTAAGGTTTGCCCATTCCCCCACCTTGTTGGAACATAGTTCTCAATATCGGTTTAAGAGCTAAGCTGACACCGTGGAAGCTATAACA
0Safe_safe_MU2A_227963.2492,CTTAAGGTTTGCCCATTCCCCCACCTTGTTGGGACTGCATTACTGTATTCTGTTTAAGAGCTAAGCTGACACCGTGGAAGCTATAACA
0Safe_safe_TMMA_227963.2849,CTTAAGGTTTGCCCATTCCCCCACCTTGTTGGATTCAACAGAAATGAGAAGTTTAAGAGCTAAGCTGACACCGTGGAAGCTATAACA
0Safe_safe_MU1B_227963.766,CTTAAGGTTTGCCCATTCCCCCACCTTGTTGGATGGCCAGACTTGTCTATCGTTTAAGAGCTAAGCTGACACCGTGGAAGCTATAACA
0Safe_safe_DTKPA_227963.7004,CTTAAGGTTTGCCCATTCCCCCACCTTGTTGGATTTAGATTAATCTATGTGGTTTAAGAGCTAAGCTGACACCGTGGAAGCTATAACA
0Safe_safe_MU2B_227963.234,CTTAAGGTTTGCCCATTCCCCCACCTTGTTGGCAGGGTTGGCAACTAGCGTTTAAGAGCTAAGCTGACACCGTGGAAGCTATAACA
0Safe_safe_SPB_227963.6359,CTTAAGGTTTGCCCATTCCCCCACCTTGTTGGGGAGATTGAATAATCCTAGTTTAAGAGCTAAGCTGACACCGTGGAAGCTATAACA
0Safe_safe_U2A_227963.1612,CTTAAGGTTTGCCCATTCCCCCACCTTGTTGGCTGATAATAGTTTCAACGTTTAAGAGCTAAGCTGACACCGTGGAAGCTATAACA
0Safe_safe_ACOCA_227963.4854,CTTAAGGTTTGCCCATTCCCCCACCTTGTTGGAGAGGGCTTGAGAAGCTGGGTTTAAGAGCTAAGCTGACACCGTGGAAGCTATAACA
0Safe_safe_TMMB_227963.3297,CTTAAGGTTTGCCCATTCCCCCACCTTGTTGGGAATTGGGCTCAGAGGTGTTTAAGAGCTAAGCTGACACCGTGGAAGCTATAACA
0Safe_safe_MU1B_227963.929,CTTAAGGTTTGCCCATTCCCCCACCTTGTTGGCATACTAGACTCATTGCTGTTTAAGAGCTAAGCTGACACCGTGGAAGCTATAACA
0Safe_safe_U2A_227963.1871,CTTAAGGTTTGCCCATTCCCCCACCTTGTTGGTGGGCTACTCACAGCTAGGTTTAAGAGCTAAGCTGACACCGTGGAAGCTATAACA
0Safe_safe_TMMA_227963.2919,CTTAAGGTTTGCCCATTCCCCCACCTTGTTGGCAATATGGGTAATATAGTTTAAGAGCTAAGCTGACACCGTGGAAGCTATAACA
0Safe_safe_SPB_227963.6356,CTTAAGGTTTGCCCATTCCCCCACCTTGTTGGGTTTCCATATCCAACGGTGTTTAAGAGCTAAGCTGACACCGTGGAAGCTATAACA
0Safe_safe_GEA_227963.3382,CTTAAGGTTTGCCCATTCCCCCACCTTGTTGGTTTAAAGTGTCTATATGGTTTAAGAGCTAAGCTGACACCGTGGAAGCTATAACA
0Safe_safe_MU2B_227963.262,CTTAAGGTTTGCCCATTCCCCCACCTTGTTGGGTCTATCAGGTCATAGCACGTTTAAGAGCTAAGCTGACACCGTGGAAGCTATAACA
0Safe_safe_SPB_227963.6086,CTTAAGGTTTGCCCATTCCCCCACCTTGTTGGAGGTTACTTAATAAAGGTTGTTTAAGAGCTAAGCTGACACCGTGGAAGCTATAACA
0Safe_safe_U1B_227963.714,CTTAAGGTTTGCCCATTCCCCCACCTTGTTGGCATAGTGCGGTATCTGAGTTTAAGAGCTAAGCTGACACCGTGGAAGCTATAACA
0Safe_safe_SPA_227963.5361,CTTAAGGTTTGCCCATTCCCCCACCTTGTTGGGTTGTAAGGTTTGCATAGTTTAAGAGCTAAGCTGACACCGTGGAAGCTATAACA
0Safe_safe_ACOCB_227963.4938,CTTAAGGTTTGCCCATTCCCCCACCTTGTTGGTGTGGGGAATTAGCCTTGTTTAAGAGCTAAGCTGACACCGTGGAAGCTATAACA
0Safe_safe_U1A_227963.6444,CTTAAGGTTTGCCCATTCCCCCACCTTGTTGGAATAGAGTAATCTACCTCAGTTTAAGAGCTAAGCTGACACCGTGGAAGCTATAACA
0Safe_safe_MU1A_227963.2107,CTTAAGGTTTGCCCATTCCCCCACCTTGTTGGATATCACTACTTAACTGATGTTTAAGAGCTAAGCTGACACCGTGGAAGCTATAACA
0Safe_safe_MU2A_227963.2544,CTTAAGGTTTGCCCATTCCCCCACCTTGTTGGAAGGAAACACAGCTTTGTGTTTAAGAGCTAAGCTGACACCGTGGAAGCTATAACA
0Safe_safe_U2B_227963.1147,CTTAAGGTTTGCCCATTCCCCCACCTTGTTGGCAACTTACTCCTGTACAGAGTTTAAGAGCTAAGCTGACACCGTGGAAGCTATAACA
0Safe_safe_TMMB_227963.3114,CTTAAGGTTTGCCCATTCCCCCACCTTGTTGGTTATAGCACAGAAAAGTAGGTTTAAGAGCTAAGCTGACACCGTGGAAGCTATAACA
0Safe_safe_DTKPB_227963.7392,CTTAAGGTTTGCCCATTCCCCCACCTTGTTGGACATTCCTTAATCTCAAGTTTAAGAGCTAAGCTGACACCGTGGAAGCTATAACA
0Safe_safe_MU1A_227963.2101,CTTAAGGTTTGCCCATTCCCCCACCTTGTTGGCTGTTCCTATTCTCAGTGTTTAAGAGCTAAGCTGACACCGTGGAAGCTATAACA
0Safe_safe_GEB_227963.4030,CTTAAGGTTTGCCCATTCCCCCACCTTGTTGGAGCATTGCACCTCTCCCGTGTTTAAGAGCTAAGCTGACACCGTGGAAGCTATAACA
0Safe_safe_SPA_227963.5475,CTTAAGGTTTGCCCATTCCCCCACCTTGTTGGTAGAAGTAGAGGAACCATAGTTTAAGAGCTAAGCTGACACCGTGGAAGCTATAACA
0Safe_safe_U1B_227963.481,CTTAAGGTTTGCCCATTCCCCCACCTTGTTGGCTACATATGACATGGTCCGTTTAAGAGCTAAGCTGACACCGTGGAAGCTATAACA
0Safe_safe_TMMA_227963.2717,CTTAAGGTTTGCCCATTCCCCCACCTTGTTGGGTCAAAAGCACCCTAACTGTTTAAGAGCTAAGCTGACACCGTGGAAGCTATAACA
0Safe_safe_MU1B_227963.1062,CTTAAGGTTTGCCCATTCCCCCACCTTGTTGGGCTATTTGTATAGTTATGGTTTAAGAGCTAAGCTGACACCGTGGAAGCTATAACA
0Safe_safe_DTKPA_227963.7065,CTTAAGGTTTGCCCATTCCCCCACCTTGTTGGTTTCTATACACCATGGCAAGTTTAAGAGCTAAGCTGACACCGTGGAAGCTATAACA
0Safe_safe_TMMA_227963.2974,CTTAAGGTTTGCCCATTCCCCCACCTTGTTGGCTCATTACTTATAATTCTGTTTAAGAGCTAAGCTGACACCGTGGAAGCTATAACA
0Safe_safe_U1A_227963.6741,CTTAAGGTTTGCCCATTCCCCCACCTTGTTGGAAATCTCCAGGATGCCAGTTTAAGAGCTAAGCTGACACCGTGGAAGCTATAACA
0Safe_safe_MU1B_227963.895,CTTAAGGTTTGCCCATTCCCCCACCTTGTTGGAGTTAACATTGTCGAGGTTTAAGAGCTAAGCTGACACCGTGGAAGCTATAACA
0Safe_safe_GEA_227963.3712,CTTAAGGTTTGCCCATTCCCCCACCTTGTTGGGATTCTTGAATGGGGGTGTTTAAGAGCTAAGCTGACACCGTGGAAGCTATAACA
0Safe_safe_U1A_227963.6402,CTTAAGGTTTGCCCATTCCCCCACCTTGTTGGTGCAGAGGACACTAAATAAGTTTAAGAGCTAAGCTGACACCGTGGAAGCTATAACA
0Safe_safe_ACOCA_227963.4810,CTTAAGGTTTGCCCATTCCCCCACCTTGTTGGAAGTGGCATTACATATTGAGTTTAAGAGCTAAGCTGACACCGTGGAAGCTATAACA
0Safe_safe_GEA_227963.3632,CTTAAGGTTTGCCCATTCCCCCACCTTGTTGGGAAGTCCTTTATGAAGGCAGTTTAAGAGCTAAGCTGACACCGTGGAAGCTATAACA
0Safe_safe_U2A_227963.1611,CTTAAGGTTTGCCCATTCCCCCACCTTGTTGGTAAAGGTCTCAAAACCCAGTTTAAGAGCTAAGCTGACACCGTGGAAGCTATAACA
0Safe_safe_MU2B_227963.15,CTTAAGGTTTGCCCATTCCCCCACCTTGTTGGGTAAGAGATGCCTAAGAGTTTAAGAGCTAAGCTGACACCGTGGAAGCTATAACA
0Safe_safe_SPB_227963.6323,CTTAAGGTTTGCCCATTCCCCCACCTTGTTGGAAACACAGTCATAAGACTTGTTTAAGAGCTAAGCTGACACCGTGGAAGCTATAACA
0Safe_safe_SPB_227963.6205,CTTAAGGTTTGCCCATTCCCCCACCTTGTTGGGAGGACTGATGTTTATAGTTTAAGAGCTAAGCTGACACCGTGGAAGCTATAACA
0Safe_safe_MU2A_227963.2354,CTTAAGGTTTGCCCATTCCCCCACCTTGTTGGCATATGTCTATAGCTGCATGTTTAAGAGCTAAGCTGACACCGTGGAAGCTATAACA
0Safe_safe_MU2B_227963.354,CTTAAGGTTTGCCCATTCCCCCACCTTGTTGGGAGGGGCGGAGAGTTTCCCGTTTAAGAGCTAAGCTGACACCGTGGAAGCTATAACA
0Safe_safe_MPB_227963.5972,CTTAAGGTTTGCCCATTCCCCCACCTTGTTGGATTTGAGGGGAGCATATCTGTTTAAGAGCTAAGCTGACACCGTGGAAGCTATAACA
0Safe_safe_MU2A_227963.2554,CTTAAGGTTTGCCCATTCCCCCACCTTGTTGGTCCTCAGAAAACACGGGTGTTTAAGAGCTAAGCTGACACCGTGGAAGCTATAACA
0Safe_safe_TMMA_227963.2803,CTTAAGGTTTGCCCATTCCCCCACCTTGTTGGTATTAACCCTCTGCATGTTTAAGAGCTAAGCTGACACCGTGGAAGCTATAACA
0Safe_safe_U1A_227963.6689,CTTAAGGTTTGCCCATTCCCCCACCTTGTTGGTCACAAACCAGGGTTTCTGTTTAAGAGCTAAGCTGACACCGTGGAAGCTATAACA
0Safe_safe_DTKPB_227963.7465,CTTAAGGTTTGCCCATTCCCCCACCTTGTTGGAGATCTTGAGTTTGACCATGTTTAAGAGCTAAGCTGACACCGTGGAAGCTATAACA
0Safe_safe_SPB_227963.6326,CTTAAGGTTTGCCCATTCCCCCACCTTGTTGGATTCAGGGCCCTTCAGTGGTTTAAGAGCTAAGCTGACACCGTGGAAGCTATAACA
0Safe_safe_U1A_227963.6748,CTTAAGGTTTGCCCATTCCCCCACCTTGTTGGGGAGAGCCCAGTGATTGGTTTAAGAGCTAAGCTGACACCGTGGAAGCTATAACA
0Safe_safe_MU2B_227963.154,CTTAAGGTTTGCCCATTCCCCCACCTTGTTGGTCATTATGCTCTCCTGAAAGTTTAAGAGCTAAGCTGACACCGTGGAAGCTATAACA
0Safe_safe_GEB_227963.4037,CTTAAGGTTTGCCCATTCCCCCACCTTGTTGGATTTAGTGGACATAAATGTTTAAGAGCTAAGCTGACACCGTGGAAGCTATAACA
0Safe_safe_ACOCA_227963.4707,CTTAAGGTTTGCCCATTCCCCCACCTTGTTGGTTAACTAGGTGTCTGGTACGTTTAAGAGCTAAGCTGACACCGTGGAAGCTATAACA
0Safe_safe_MPB_227963.5705,CTTAAGGTTTGCCCATTCCCCCACCTTGTTGGTCTTTGCTTGAAACTCAAGGTTTAAGAGCTAAGCTGACACCGTGGAAGCTATAACA
0Safe_safe_DTKPB_227963.7263,CTTAAGGTTTGCCCATTCCCCCACCTTGTTGGGGTTTGGTGTGCTGTTACCGTTTAAGAGCTAAGCTGACACCGTGGAAGCTATAACA
0Safe_safe_SPA_227963.5396,CTTAAGGTTTGCCCATTCCCCCACCTTGTTGGTTTGCCTAGATTATCATAAGTTTAAGAGCTAAGCTGACACCGTGGAAGCTATAACA
0Safe_safe_DTKPA_227963.6943,CTTAAGGTTTGCCCATTCCCCCACCTTGTTGGTTGTGTGCTCTATGAATGTTTAAGAGCTAAGCTGACACCGTGGAAGCTATAACA
0Safe_safe_DTKPB_227963.7342,CTTAAGGTTTGCCCATTCCCCCACCTTGTTGGGTGGTCTTGGGTTGGTCCGTTTAAGAGCTAAGCTGACACCGTGGAAGCTATAACA
0Safe_safe_SPA_227963.5607,CTTAAGGTTTGCCCATTCCCCCACCTTGTTGGTCTCTGTTGTAGGAGCAGTTTAAGAGCTAAGCTGACACCGTGGAAGCTATAACA
0Safe_safe_GEA_227963.3696,CTTAAGGTTTGCCCATTCCCCCACCTTGTTGGGGAGCTCTGAGGAAATACAGTTTAAGAGCTAAGCTGACACCGTGGAAGCTATAACA
0Safe_safe_MU2A_227963.2397,CTTAAGGTTTGCCCATTCCCCCACCTTGTTGGATGTTTCCCCATTACATGTTTAAGAGCTAAGCTGACACCGTGGAAGCTATAACA
0Safe_safe_DTKPB_227963.7350,CTTAAGGTTTGCCCATTCCCCCACCTTGTTGGATGAAGGTAAGACTGCACGTTTAAGAGCTAAGCTGACACCGTGGAAGCTATAACA
0Safe_safe_MU2A_227963.2411,CTTAAGGTTTGCCCATTCCCCCACCTTGTTGGAAAGAAATTAACGCCAAGTTTAAGAGCTAAGCTGACACCGTGGAAGCTATAACA
0Safe_safe_TMMB_227963.3131,CTTAAGGTTTGCCCATTCCCCCACCTTGTTGGCCTCTCCTCCACATAAAGTTTAAGAGCTAAGCTGACACCGTGGAAGCTATAACA
0Safe_safe_U1A_227963.6377,CTTAAGGTTTGCCCATTCCCCCACCTTGTTGGGTCTGTTGCACATCCTGCCGTTTAAGAGCTAAGCTGACACCGTGGAAGCTATAACA
0Safe_safe_MPA_227963.4472,CTTAAGGTTTGCCCATTCCCCCACCTTGTTGGGCAACATCTGAATATTGTTTAAGAGCTAAGCTGACACCGTGGAAGCTATAACA
0Safe_safe_MU1B_227963.867,CTTAAGGTTTGCCCATTCCCCCACCTTGTTGGCATATTGCTGAGGGAAGTTTAAGAGCTAAGCTGACACCGTGGAAGCTATAACA
0Safe_safe_DTKPB_227963.7380,CTTAAGGTTTGCCCATTCCCCCACCTTGTTGGAACTAAATGTCTGCATAAAGTTTAAGAGCTAAGCTGACACCGTGGAAGCTATAACA
0Safe_safe_MPA_227963.4489,CTTAAGGTTTGCCCATTCCCCCACCTTGTTGGTGTGACTGGGAGTGAACACGTTTAAGAGCTAAGCTGACACCGTGGAAGCTATAACA
0Safe_safe_U1A_227963.6473,CTTAAGGTTTGCCCATTCCCCCACCTTGTTGGAGTCTTGATATGTAACTGTTTAAGAGCTAAGCTGACACCGTGGAAGCTATAACA
0Safe_safe_U1B_227963.662,CTTAAGGTTTGCCCATTCCCCCACCTTGTTGGCTGGATTTAGCTTTGAGTTTAAGAGCTAAGCTGACACCGTGGAAGCTATAACA
0Safe_safe_MU1A_227963.1963,CTTAAGGTTTGCCCATTCCCCCACCTTGTTGGAGTATAATGCTATCCAGTTTAAGAGCTAAGCTGACACCGTGGAAGCTATAACA
0Safe_safe_MPB_227963.5793,CTTAAGGTTTGCCCATTCCCCCACCTTGTTGGGTTATCAAAATGATATTTGGTTTAAGAGCTAAGCTGACACCGTGGAAGCTATAACA
0Safe_safe_U1A_227963.6391,CTTAAGGTTTGCCCATTCCCCCACCTTGTTGGGTTTCCTATTAAAGTCTTGGTTTAAGAGCTAAGCTGACACCGTGGAAGCTATAACA
0Safe_safe_U1B_227963.394,CTTAAGGTTTGCCCATTCCCCCACCTTGTTGGAAGGTGGTTATCAAACAAAGTTTAAGAGCTAAGCTGACACCGTGGAAGCTATAACA
0Safe_safe_TMMB_227963.3074,CTTAAGGTTTGCCCATTCCCCCACCTTGTTGGAAAGAGGCACTCTCTTCAGGTTTAAGAGCTAAGCTGACACCGTGGAAGCTATAACA
0Safe_safe_U2A_227963.1673,CTTAAGGTTTGCCCATTCCCCCACCTTGTTGGTAATTAACTTACCGCAGTTTAAGAGCTAAGCTGACACCGTGGAAGCTATAACA
0Safe_safe_GEA_227963.3559,CTTAAGGTTTGCCCATTCCCCCACCTTGTTGGCCTAGTTATGTACATATGGTTTAAGAGCTAAGCTGACACCGTGGAAGCTATAACA
0Safe_safe_U2A_227963.1553,CTTAAGGTTTGCCCATTCCCCCACCTTGTTGGTACATATTACTATATGAAGGTTTAAGAGCTAAGCTGACACCGTGGAAGCTATAACA
0Safe_safe_ACOCB_227963.4932,CTTAAGGTTTGCCCATTCCCCCACCTTGTTGGCCCATGCCAAGTAGGGCCTGTTTAAGAGCTAAGCTGACACCGTGGAAGCTATAACA
0Safe_safe_MU2B_227963.318,CTTAAGGTTTGCCCATTCCCCCACCTTGTTGGGAATGCATGGTAATTGGTTGTTTAAGAGCTAAGCTGACACCGTGGAAGCTATAACA
0Safe_safe_DTKPB_227963.7498,CTTAAGGTTTGCCCATTCCCCCACCTTGTTGGTGAGTTGTATGTCTGTTGTTTAAGAGCTAAGCTGACACCGTGGAAGCTATAACA
0Safe_safe_TMMB_227963.3096,CTTAAGGTTTGCCCATTCCCCCACCTTGTTGGAAGTTCTAACTGATATTTAGTTTAAGAGCTAAGCTGACACCGTGGAAGCTATAACA
0Safe_safe_U2A_227963.1857,CTTAAGGTTTGCCCATTCCCCCACCTTGTTGGCAAGACTCTGATAGGCTGTGTTTAAGAGCTAAGCTGACACCGTGGAAGCTATAACA
0Safe_safe_TMMA_227963.2781,CTTAAGGTTTGCCCATTCCCCCACCTTGTTGGCCAGACTATGAGAAAAGTTTAAGAGCTAAGCTGACACCGTGGAAGCTATAACA
0Safe_safe_MPA_227963.4214,CTTAAGGTTTGCCCATTCCCCCACCTTGTTGGCTTTCTGTTGAACTTTCGTTTAAGAGCTAAGCTGACACCGTGGAAGCTATAACA
0Safe_safe_MPA_227963.4392,CTTAAGGTTTGCCCATTCCCCCACCTTGTTGGTTATTTCTAAAGAGAGTATGTTTAAGAGCTAAGCTGACACCGTGGAAGCTATAACA
0Safe_safe_U2B_227963.1262,CTTAAGGTTTGCCCATTCCCCCACCTTGTTGGAGTTTGTCCCTCTGGACGTTTAAGAGCTAAGCTGACACCGTGGAAGCTATAACA
0Safe_safe_MU1B_227963.955,CTTAAGGTTTGCCCATTCCCCCACCTTGTTGGGTAGAAAGGATGTCAGGTGTTTAAGAGCTAAGCTGACACCGTGGAAGCTATAACA
0Safe_safe_DTKPA_227963.6924,CTTAAGGTTTGCCCATTCCCCCACCTTGTTGGTTGTATAAATCATGGTGGGGTTTAAGAGCTAAGCTGACACCGTGGAAGCTATAACA
0Safe_safe_MU2A_227963.2477,CTTAAGGTTTGCCCATTCCCCCACCTTGTTGGGACAGAGAGCAAACAAGGTTTAAGAGCTAAGCTGACACCGTGGAAGCTATAACA
0Safe_safe_MU1B_227963.858,CTTAAGGTTTGCCCATTCCCCCACCTTGTTGGTGGTTGGAGGTGTTTGGCAGTTTAAGAGCTAAGCTGACACCGTGGAAGCTATAACA
0Safe_safe_ACOCA_227963.4756,CTTAAGGTTTGCCCATTCCCCCACCTTGTTGGTGAAAAGGGCCATTCCTGTTTAAGAGCTAAGCTGACACCGTGGAAGCTATAACA
0Safe_safe_ACOCA_227963.4767,CTTAAGGTTTGCCCATTCCCCCACCTTGTTGGTCTCTTTGTCAATGATCTAGTTTAAGAGCTAAGCTGACACCGTGGAAGCTATAACA
0Safe_safe_U2A_227963.1764,CTTAAGGTTTGCCCATTCCCCCACCTTGTTGGGTGCTCTGAACTCACACGTTTAAGAGCTAAGCTGACACCGTGGAAGCTATAACA
0Safe_safe_TMMB_227963.3151,CTTAAGGTTTGCCCATTCCCCCACCTTGTTGGTATGTTGTACAAGTGCACTGTTTAAGAGCTAAGCTGACACCGTGGAAGCTATAACA
0Safe_safe_SPA_227963.5533,CTTAAGGTTTGCCCATTCCCCCACCTTGTTGGCGAAGAAATTTGACATAGTGTTTAAGAGCTAAGCTGACACCGTGGAAGCTATAACA
0Safe_safe_U1B_227963.464,CTTAAGGTTTGCCCATTCCCCCACCTTGTTGGTTTCTATTTCAATTCTTTGGTTTAAGAGCTAAGCTGACACCGTGGAAGCTATAACA
0Safe_safe_U1A_227963.6500,CTTAAGGTTTGCCCATTCCCCCACCTTGTTGGCTATAACAGTAATGAAAAGTTTAAGAGCTAAGCTGACACCGTGGAAGCTATAACA
0Safe_safe_TMMA_227963.2953,CTTAAGGTTTGCCCATTCCCCCACCTTGTTGGCAGAGGGCCATGGACAGGAGTTTAAGAGCTAAGCTGACACCGTGGAAGCTATAACA
0Safe_safe_MU2A_227963.2556,CTTAAGGTTTGCCCATTCCCCCACCTTGTTGGTACAATATCTCCACTGTTTGTTTAAGAGCTAAGCTGACACCGTGGAAGCTATAACA
0Safe_safe_MPB_227963.5953,CTTAAGGTTTGCCCATTCCCCCACCTTGTTGGCAGGGACTCATAGGGTGCTGTTTAAGAGCTAAGCTGACACCGTGGAAGCTATAACA
0Safe_safe_MU2B_227963.212,CTTAAGGTTTGCCCATTCCCCCACCTTGTTGGAGCAATGGGAAGATTCGTTTAAGAGCTAAGCTGACACCGTGGAAGCTATAACA
0Safe_safe_SPA_227963.5487,CTTAAGGTTTGCCCATTCCCCCACCTTGTTGGGCTCTCTCAGGTTCTGAGTTTAAGAGCTAAGCTGACACCGTGGAAGCTATAACA
0Safe_safe_MU2B_227963.192,CTTAAGGTTTGCCCATTCCCCCACCTTGTTGGTGCTGATCGGCTGGAATTGTTTAAGAGCTAAGCTGACACCGTGGAAGCTATAACA
0Safe_safe_GEB_227963.4116,CTTAAGGTTTGCCCATTCCCCCACCTTGTTGGTAAACAGCTGAAGATAGGTTTAAGAGCTAAGCTGACACCGTGGAAGCTATAACA
0Safe_safe_MU2A_227963.2259,CTTAAGGTTTGCCCATTCCCCCACCTTGTTGGCAGAGCTCTAATGCATTCGTTTAAGAGCTAAGCTGACACCGTGGAAGCTATAACA
0Safe_safe_MU2A_227963.2321,CTTAAGGTTTGCCCATTCCCCCACCTTGTTGGTAAGGGATCTATAAGGTAAGTTTAAGAGCTAAGCTGACACCGTGGAAGCTATAACA
0Safe_safe_GEB_227963.3869,CTTAAGGTTTGCCCATTCCCCCACCTTGTTGGACTCCACACTTACACTCTGTTTAAGAGCTAAGCTGACACCGTGGAAGCTATAACA
0Safe_safe_U2A_227963.1638,CTTAAGGTTTGCCCATTCCCCCACCTTGTTGGATAAGTTGAGGACTTGAGAGTTTAAGAGCTAAGCTGACACCGTGGAAGCTATAACA
0Safe_safe_U1B_227963.456,CTTAAGGTTTGCCCATTCCCCCACCTTGTTGGAACCTTGCTAAAATAGATGGTTTAAGAGCTAAGCTGACACCGTGGAAGCTATAACA
0Safe_safe_SPA_227963.5370,CTTAAGGTTTGCCCATTCCCCCACCTTGTTGGATTACAGTAGCCAGTTAGTTTAAGAGCTAAGCTGACACCGTGGAAGCTATAACA
0Safe_safe_MPA_227963.4354,CTTAAGGTTTGCCCATTCCCCCACCTTGTTGGAAAGATGTAAGTGCAGGCTGTTTAAGAGCTAAGCTGACACCGTGGAAGCTATAACA
0Safe_safe_MU1B_227963.752,CTTAAGGTTTGCCCATTCCCCCACCTTGTTGGCAGCGGAACCCTAACCCGTTTAAGAGCTAAGCTGACACCGTGGAAGCTATAACA
0Safe_safe_SPB_227963.6256,CTTAAGGTTTGCCCATTCCCCCACCTTGTTGGCACGTAGGTGGAGATCACAGTTTAAGAGCTAAGCTGACACCGTGGAAGCTATAACA
0Safe_safe_GEA_227963.3518,CTTAAGGTTTGCCCATTCCCCCACCTTGTTGGTAGGCAAAATAAGAGAAAGTTTAAGAGCTAAGCTGACACCGTGGAAGCTATAACA
0Safe_safe_U2B_227963.1286,CTTAAGGTTTGCCCATTCCCCCACCTTGTTGGAAATGGAGGAGATTTATGTTTAAGAGCTAAGCTGACACCGTGGAAGCTATAACA
0Safe_safe_TMMA_227963.2859,CTTAAGGTTTGCCCATTCCCCCACCTTGTTGGTTTATACCAAAGGGCTCAAGTTTAAGAGCTAAGCTGACACCGTGGAAGCTATAACA
0Safe_safe_U1A_227963.6711,CTTAAGGTTTGCCCATTCCCCCACCTTGTTGGGTACATTTGAACCTTTGTTTAAGAGCTAAGCTGACACCGTGGAAGCTATAACA
0Safe_safe_U1B_227963.595,CTTAAGGTTTGCCCATTCCCCCACCTTGTTGGGTGGGCCATGGGGAAGGTTGTTTAAGAGCTAAGCTGACACCGTGGAAGCTATAACA
0Safe_safe_MU2A_227963.2490,CTTAAGGTTTGCCCATTCCCCCACCTTGTTGGTGCCATAAAATTGCAAGTTTAAGAGCTAAGCTGACACCGTGGAAGCTATAACA
0Safe_safe_MU2A_227963.2588,CTTAAGGTTTGCCCATTCCCCCACCTTGTTGGTAGTGTGTGGAGCTTCATTGTTTAAGAGCTAAGCTGACACCGTGGAAGCTATAACA
0Safe_safe_GEB_227963.3858,CTTAAGGTTTGCCCATTCCCCCACCTTGTTGGAATTCCATTGTTAACTAACGTTTAAGAGCTAAGCTGACACCGTGGAAGCTATAACA
0Safe_safe_TMMA_227963.2924,CTTAAGGTTTGCCCATTCCCCCACCTTGTTGGAATAGTTGCTCAGTGTCTGTTTAAGAGCTAAGCTGACACCGTGGAAGCTATAACA
0Safe_safe_U2B_227963.1304,CTTAAGGTTTGCCCATTCCCCCACCTTGTTGGACAGTGGATGTCAAAGGACGTTTAAGAGCTAAGCTGACACCGTGGAAGCTATAACA
0Safe_safe_DTKPA_227963.6755,CTTAAGGTTTGCCCATTCCCCCACCTTGTTGGAGACCTTCAGAGTTCTTAGTTTAAGAGCTAAGCTGACACCGTGGAAGCTATAACA
0Safe_safe_MU2A_227963.2339,CTTAAGGTTTGCCCATTCCCCCACCTTGTTGGCATATTAATGTTCCTTACGTTTAAGAGCTAAGCTGACACCGTGGAAGCTATAACA
0Safe_safe_MU2B_227963.118,CTTAAGGTTTGCCCATTCCCCCACCTTGTTGGAAATGTGAATGAGTGAGCTGTTTAAGAGCTAAGCTGACACCGTGGAAGCTATAACA
0Safe_safe_MU2B_227963.31,CTTAAGGTTTGCCCATTCCCCCACCTTGTTGGGTCAGAGTGCTAGAGAAGTTTAAGAGCTAAGCTGACACCGTGGAAGCTATAACA
0Safe_safe_ACOCA_227963.4685,CTTAAGGTTTGCCCATTCCCCCACCTTGTTGGACCTCTTGTTCCACACTGAGTTTAAGAGCTAAGCTGACACCGTGGAAGCTATAACA
0Safe_safe_SPB_227963.6178,CTTAAGGTTTGCCCATTCCCCCACCTTGTTGGAAATTAAGTATGTTGAGAAGTTTAAGAGCTAAGCTGACACCGTGGAAGCTATAACA
0Safe_safe_U2A_227963.1617,CTTAAGGTTTGCCCATTCCCCCACCTTGTTGGGCAATCAAATATATCTGGTTTAAGAGCTAAGCTGACACCGTGGAAGCTATAACA
0Safe_safe_TMMB_227963.3245,CTTAAGGTTTGCCCATTCCCCCACCTTGTTGGAAATTAAAAGCATTGCGTTTAAGAGCTAAGCTGACACCGTGGAAGCTATAACA
0Safe_safe_MU2B_227963.231,CTTAAGGTTTGCCCATTCCCCCACCTTGTTGGCCTGAAGAACCTGAAGTCAGTTTAAGAGCTAAGCTGACACCGTGGAAGCTATAACA
0Safe_safe_MU2A_227963.2478,CTTAAGGTTTGCCCATTCCCCCACCTTGTTGGTTATTAGTCTAAGGACTTGTTTAAGAGCTAAGCTGACACCGTGGAAGCTATAACA
0Safe_safe_ACOCA_227963.4522,CTTAAGGTTTGCCCATTCCCCCACCTTGTTGGCTATACAGTATTAACTGTTTAAGAGCTAAGCTGACACCGTGGAAGCTATAACA
0Safe_safe_MU2B_227963.276,CTTAAGGTTTGCCCATTCCCCCACCTTGTTGGAAGCATCCCCGTGGAGTGCGTTTAAGAGCTAAGCTGACACCGTGGAAGCTATAACA
0Safe_safe_MPB_227963.5902,CTTAAGGTTTGCCCATTCCCCCACCTTGTTGGTGATATCAATGTCCCCGTTTAAGAGCTAAGCTGACACCGTGGAAGCTATAACA
0Safe_safe_MU2B_227963.206,CTTAAGGTTTGCCCATTCCCCCACCTTGTTGGTGATAGGGAGCTACAGCTGTTTAAGAGCTAAGCTGACACCGTGGAAGCTATAACA
0Safe_safe_MPB_227963.5878,CTTAAGGTTTGCCCATTCCCCCACCTTGTTGGAGATCACAGGGATAAGGGTTTAAGAGCTAAGCTGACACCGTGGAAGCTATAACA
0Safe_safe_DTKPB_227963.7348,CTTAAGGTTTGCCCATTCCCCCACCTTGTTGGTGGGGCAAATTGTGCAAAAGTTTAAGAGCTAAGCTGACACCGTGGAAGCTATAACA
0Safe_safe_MU2A_227963.2539,CTTAAGGTTTGCCCATTCCCCCACCTTGTTGGACTTTCAACTGCAAGATGTTTAAGAGCTAAGCTGACACCGTGGAAGCTATAACA
0Safe_safe_MU2A_227963.2362,CTTAAGGTTTGCCCATTCCCCCACCTTGTTGGGATGGGGCAAGATGAACAGTTTAAGAGCTAAGCTGACACCGTGGAAGCTATAACA
0Safe_safe_ACOCA_227963.4848,CTTAAGGTTTGCCCATTCCCCCACCTTGTTGGGTGTGTCCTGAGGATGGTTTAAGAGCTAAGCTGACACCGTGGAAGCTATAACA
0Safe_safe_MPB_227963.5652,CTTAAGGTTTGCCCATTCCCCCACCTTGTTGGGTAAATTACTGTATTTCAGTTTAAGAGCTAAGCTGACACCGTGGAAGCTATAACA
0Safe_safe_DTKPA_227963.7034,CTTAAGGTTTGCCCATTCCCCCACCTTGTTGGTCGTTCTCAGCGCGGGCCGGTTTAAGAGCTAAGCTGACACCGTGGAAGCTATAACA
0Safe_safe_MU1B_227963.786,CTTAAGGTTTGCCCATTCCCCCACCTTGTTGGTTGTATATAAGATAGCCGTTTAAGAGCTAAGCTGACACCGTGGAAGCTATAACA
0Safe_safe_SPB_227963.6371,CTTAAGGTTTGCCCATTCCCCCACCTTGTTGGGAGCTAAATTTGCCTTAGTTTAAGAGCTAAGCTGACACCGTGGAAGCTATAACA
0Safe_safe_U1B_227963.414,CTTAAGGTTTGCCCATTCCCCCACCTTGTTGGTCTAACCTCCTGCCCACCCGTTTAAGAGCTAAGCTGACACCGTGGAAGCTATAACA
0Safe_safe_ACOCA_227963.4561,CTTAAGGTTTGCCCATTCCCCCACCTTGTTGGTTAAATGCAATCTCACCGTTTAAGAGCTAAGCTGACACCGTGGAAGCTATAACA
0Safe_safe_U2B_227963.1440,CTTAAGGTTTGCCCATTCCCCCACCTTGTTGGAGGAGCACTGTGGGTTTGTTTAAGAGCTAAGCTGACACCGTGGAAGCTATAACA
0Safe_safe_MPB_227963.5916,CTTAAGGTTTGCCCATTCCCCCACCTTGTTGGTTAAAGCCTTTCAGGAAGTTTAAGAGCTAAGCTGACACCGTGGAAGCTATAACA
0Safe_safe_U2A_227963.1743,CTTAAGGTTTGCCCATTCCCCCACCTTGTTGGCAGAGAACTTTATCAAGGAGTTTAAGAGCTAAGCTGACACCGTGGAAGCTATAACA
0Safe_safe_MU2A_227963.2531,CTTAAGGTTTGCCCATTCCCCCACCTTGTTGGATTTAAGAAAGACACTTAGTTTAAGAGCTAAGCTGACACCGTGGAAGCTATAACA
0Safe_safe_DTKPB_227963.7460,CTTAAGGTTTGCCCATTCCCCCACCTTGTTGGAGGCCAATAAGACAGCCTCGTTTAAGAGCTAAGCTGACACCGTGGAAGCTATAACA
0Safe_safe_U2A_227963.1548,CTTAAGGTTTGCCCATTCCCCCACCTTGTTGGAGCTGGAGAAATACAGCAGTTTAAGAGCTAAGCTGACACCGTGGAAGCTATAACA
0Safe_safe_U1A_227963.6476,CTTAAGGTTTGCCCATTCCCCCACCTTGTTGGTGTGCCTGTATTGATTGTAGTTTAAGAGCTAAGCTGACACCGTGGAAGCTATAACA
0Safe_safe_TMMA_227963.2969,CTTAAGGTTTGCCCATTCCCCCACCTTGTTGGTCATATATACTTACTTGTTTAAGAGCTAAGCTGACACCGTGGAAGCTATAACA
0Safe_safe_DTKPB_227963.7409,CTTAAGGTTTGCCCATTCCCCCACCTTGTTGGTCAGCTTGTATCATGTAGAGTTTAAGAGCTAAGCTGACACCGTGGAAGCTATAACA
0Safe_safe_GEB_227963.4084,CTTAAGGTTTGCCCATTCCCCCACCTTGTTGGGGTCTTGATTTAAGAACAGTTTAAGAGCTAAGCTGACACCGTGGAAGCTATAACA
0Safe_safe_TMMB_227963.3371,CTTAAGGTTTGCCCATTCCCCCACCTTGTTGGAATTCTGTTGCAAAACAGTGTTTAAGAGCTAAGCTGACACCGTGGAAGCTATAACA
0Safe_safe_MU1B_227963.1089,CTTAAGGTTTGCCCATTCCCCCACCTTGTTGGAGTTATTTCGAACAGAGTTTAAGAGCTAAGCTGACACCGTGGAAGCTATAACA
0Safe_safe_MU2A_227963.2286,CTTAAGGTTTGCCCATTCCCCCACCTTGTTGGTTTCTAGCCAAGGAACGTTTAAGAGCTAAGCTGACACCGTGGAAGCTATAACA
0Safe_safe_U2B_227963.1141,CTTAAGGTTTGCCCATTCCCCCACCTTGTTGGACTTTCTTATACCAAGGGGGTTTAAGAGCTAAGCTGACACCGTGGAAGCTATAACA
0Safe_safe_DTKPB_227963.7441,CTTAAGGTTTGCCCATTCCCCCACCTTGTTGGTTCCTCTACTATTGGCGTTTAAGAGCTAAGCTGACACCGTGGAAGCTATAACA
0Safe_safe_MU2B_227963.178,CTTAAGGTTTGCCCATTCCCCCACCTTGTTGGTGGGTGAGATAATAGATTTGTTTAAGAGCTAAGCTGACACCGTGGAAGCTATAACA
0Safe_safe_MU2A_227963.2611,CTTAAGGTTTGCCCATTCCCCCACCTTGTTGGCATCTGTCTAATTCTGGTTTAAGAGCTAAGCTGACACCGTGGAAGCTATAACA
0Safe_safe_DTKPA_227963.6932,CTTAAGGTTTGCCCATTCCCCCACCTTGTTGGCCAGAGCTGAGATGCACGTTTAAGAGCTAAGCTGACACCGTGGAAGCTATAACA
0Safe_safe_MU2A_227963.2473,CTTAAGGTTTGCCCATTCCCCCACCTTGTTGGTTTAACAGGGACAGACCGTTTAAGAGCTAAGCTGACACCGTGGAAGCTATAACA
0Safe_safe_MU1B_227963.1113,CTTAAGGTTTGCCCATTCCCCCACCTTGTTGGTTATAGAGTCAAAAGTTCAGTTTAAGAGCTAAGCTGACACCGTGGAAGCTATAACA
0Safe_safe_MPA_227963.4194,CTTAAGGTTTGCCCATTCCCCCACCTTGTTGGGTGTTGACTGTAAAAGTTGGTTTAAGAGCTAAGCTGACACCGTGGAAGCTATAACA
0Safe_safe_U2A_227963.1622,CTTAAGGTTTGCCCATTCCCCCACCTTGTTGGGTGACCTGTTTGGACTCAGTTTAAGAGCTAAGCTGACACCGTGGAAGCTATAACA
0Safe_safe_GEB_227963.3967,CTTAAGGTTTGCCCATTCCCCCACCTTGTTGGTCTTGACTGTACAAATCGTTTAAGAGCTAAGCTGACACCGTGGAAGCTATAACA
0Safe_safe_U1A_227963.6712,CTTAAGGTTTGCCCATTCCCCCACCTTGTTGGACTTGGCAAGAATGAAGCGTTTAAGAGCTAAGCTGACACCGTGGAAGCTATAACA
0Safe_safe_GEA_227963.3536,CTTAAGGTTTGCCCATTCCCCCACCTTGTTGGAACTTCATTATTGCAAGCAGTTTAAGAGCTAAGCTGACACCGTGGAAGCTATAACA
0Safe_safe_MU1A_227963.1987,CTTAAGGTTTGCCCATTCCCCCACCTTGTTGGAACCAGAAACAGGGCACGTTTAAGAGCTAAGCTGACACCGTGGAAGCTATAACA
0Safe_safe_U1A_227963.6560,CTTAAGGTTTGCCCATTCCCCCACCTTGTTGGATGTGTTAAGGCAGAAATAGTTTAAGAGCTAAGCTGACACCGTGGAAGCTATAACA
0Safe_safe_TMMA_227963.2892,CTTAAGGTTTGCCCATTCCCCCACCTTGTTGGTTGTAAATTGAATTAGTACGTTTAAGAGCTAAGCTGACACCGTGGAAGCTATAACA
0Safe_safe_GEA_227963.3497,CTTAAGGTTTGCCCATTCCCCCACCTTGTTGGGTATCACTGAGTCAGTAGTGTTTAAGAGCTAAGCTGACACCGTGGAAGCTATAACA
0Safe_safe_ACOCB_227963.5163,CTTAAGGTTTGCCCATTCCCCCACCTTGTTGGCATGTCGATCTTGAGAAGTTTAAGAGCTAAGCTGACACCGTGGAAGCTATAACA
0Safe_safe_U1B_227963.695,CTTAAGGTTTGCCCATTCCCCCACCTTGTTGGGTTCATTACCAGGTCCCCTGTTTAAGAGCTAAGCTGACACCGTGGAAGCTATAACA
0Safe_safe_SPB_227963.6340,CTTAAGGTTTGCCCATTCCCCCACCTTGTTGGCAACTAGAACATGTAGTCGTTTAAGAGCTAAGCTGACACCGTGGAAGCTATAACA
0Safe_safe_U2A_227963.1712,CTTAAGGTTTGCCCATTCCCCCACCTTGTTGGGTCCTGAGATGTTAGTCATGTTTAAGAGCTAAGCTGACACCGTGGAAGCTATAACA
0Safe_safe_DTKPB_227963.7413,CTTAAGGTTTGCCCATTCCCCCACCTTGTTGGTAGAATTCACATTACTAATGTTTAAGAGCTAAGCTGACACCGTGGAAGCTATAACA
0Safe_safe_U2B_227963.1371,CTTAAGGTTTGCCCATTCCCCCACCTTGTTGGAAGTGACTCTCATGATTGTTTAAGAGCTAAGCTGACACCGTGGAAGCTATAACA
0Safe_safe_U1A_227963.6521,CTTAAGGTTTGCCCATTCCCCCACCTTGTTGGTTTATGGTGGTATAGGTCGTTTAAGAGCTAAGCTGACACCGTGGAAGCTATAACA
0Safe_safe_SPA_227963.5258,CTTAAGGTTTGCCCATTCCCCCACCTTGTTGGTTTGTAAATGATGACTCGTTTAAGAGCTAAGCTGACACCGTGGAAGCTATAACA
0Safe_safe_MU1B_227963.815,CTTAAGGTTTGCCCATTCCCCCACCTTGTTGGGCATTGGATAATCCAGGAGTTTAAGAGCTAAGCTGACACCGTGGAAGCTATAACA
0Safe_safe_MU1B_227963.1054,CTTAAGGTTTGCCCATTCCCCCACCTTGTTGGTTATTACTCATGCAACGTTTAAGAGCTAAGCTGACACCGTGGAAGCTATAACA
0Safe_safe_U2A_227963.1733,CTTAAGGTTTGCCCATTCCCCCACCTTGTTGGTGTGAGGGGGCATACTGAGTTTAAGAGCTAAGCTGACACCGTGGAAGCTATAACA
0Safe_safe_DTKPB_227963.7264,CTTAAGGTTTGCCCATTCCCCCACCTTGTTGGCCATATTTAGTAAAAAGAGTTTAAGAGCTAAGCTGACACCGTGGAAGCTATAACA
0Safe_safe_MU1B_227963.773,CTTAAGGTTTGCCCATTCCCCCACCTTGTTGGGCGGCGAACAACGTGGAGTGTTTAAGAGCTAAGCTGACACCGTGGAAGCTATAACA
0Safe_safe_MPB_227963.5861,CTTAAGGTTTGCCCATTCCCCCACCTTGTTGGTGGTATAGATTAGGGATAGTTTAAGAGCTAAGCTGACACCGTGGAAGCTATAACA
0Safe_safe_ACOCA_227963.4569,CTTAAGGTTTGCCCATTCCCCCACCTTGTTGGATGGTTCAGATATCATGTTTAAGAGCTAAGCTGACACCGTGGAAGCTATAACA
0Safe_safe_SPB_227963.6313,CTTAAGGTTTGCCCATTCCCCCACCTTGTTGGCCTATTTAAAGTTAGTGGAGTTTAAGAGCTAAGCTGACACCGTGGAAGCTATAACA
0Safe_safe_U2A_227963.1847,CTTAAGGTTTGCCCATTCCCCCACCTTGTTGGAAATGACTTGAGAGTGTGTTTAAGAGCTAAGCTGACACCGTGGAAGCTATAACA
0Safe_safe_DTKPA_227963.7015,CTTAAGGTTTGCCCATTCCCCCACCTTGTTGGCTTTCATCAGTAATTCGTTTAAGAGCTAAGCTGACACCGTGGAAGCTATAACA
0Safe_safe_MPB_227963.5837,CTTAAGGTTTGCCCATTCCCCCACCTTGTTGGGTGTAGTTCTGTGTGTGAGGTTTAAGAGCTAAGCTGACACCGTGGAAGCTATAACA
0Safe_safe_MU1A_227963.1877,CTTAAGGTTTGCCCATTCCCCCACCTTGTTGGCAGTTACTCAGGGATATATGTTTAAGAGCTAAGCTGACACCGTGGAAGCTATAACA
0Safe_safe_U2A_227963.1549,CTTAAGGTTTGCCCATTCCCCCACCTTGTTGGTAGGCCAGACCCACTCCGGTTTAAGAGCTAAGCTGACACCGTGGAAGCTATAACA
0Safe_safe_MU2B_227963.142,CTTAAGGTTTGCCCATTCCCCCACCTTGTTGGGCATCATCAAAGAATAAAGGTTTAAGAGCTAAGCTGACACCGTGGAAGCTATAACA
0Safe_safe_U1B_227963.600,CTTAAGGTTTGCCCATTCCCCCACCTTGTTGGAAAGAGAATAAGTCTTACTGTTTAAGAGCTAAGCTGACACCGTGGAAGCTATAACA
0Safe_safe_ACOCB_227963.4941,CTTAAGGTTTGCCCATTCCCCCACCTTGTTGGATATACACTGTAGCATCAAGTTTAAGAGCTAAGCTGACACCGTGGAAGCTATAACA
