0Safe_safe_GEB_227963.4055,GGCTGGTCCACGGGAGGTAG
0Safe_safe_SPA_227963.5545,GAGCAAAGACTCTACATAGT
0Safe_safe_ACOCA_227963.4799,GGCAAACTATCTCCAACTG
0Safe_safe_MU2A_227963.2365,GGTGGGACCTCATGCTA
0Safe_safe_MU1B_227963.786,GTTGTATATAAGATAGCC
0Safe_safe_ACOCA_227963.4784,GCATTAATAAAACCAAAA
0Safe_safe_TMMB_227963.3230,GTATAACTCTCTCAATC
0Safe_safe_ACOCB_227963.4881,GCTTTACTTGGTGCTCTGGG
0Safe_safe_GEA_227963.3460,GACTTTCTGCATCTCATAAG
0Safe_safe_MU2B_227963.317,GATTGCCTGGGTCCATCTGC
0Safe_safe_U2B_227963.1265,GAAGTATGTGCTAATTTCCT
0Safe_safe_TMMA_227963.2634,GCTGACATAATCTCACAA
0Safe_safe_MPB_227963.5668,GGTTTCCTATACTCTACA
0Safe_safe_DTKPA_227963.6752,GTGCCATGGTCCCCTGCCTA
0Safe_safe_U2A_227963.1819,GCCTAGCAATATATACTT
0Safe_safe_TMMB_227963.3293,GAAAAGATTTGCATATC
0Safe_safe_MU1A_227963.2241,GTATTCATTTCTGAAGCAA
0Safe_safe_DTKPA_227963.6918,GCTTTAGGTTAAAAGTTG
0Safe_safe_SPB_227963.6029,GTAATTACTTTATAAATGG
0Safe_safe_U1A_227963.6572,GTTTACTCTGTGAACTCCC
0Safe_safe_MU1B_227963.760,GGGTAAACAAAATGTTTGAG
0Safe_safe_U2A_227963.1745,GTGTTCTTCTCTCTGCTGC
0Safe_safe_ACOCB_227963.5191,GAATGTAAGTTATTCAAGT
0Safe_safe_MPA_227963.4454,GCTGCTTATATGTCACCCA
0Safe_safe_MU2A_227963.2323,GGGTTAAGCAATGTTGTGAG
0Safe_safe_TMMA_227963.2931,GTAGCAGATGATTCCCACTG
0Safe_safe_MU1B_227963.1018,GAGAACCTAACCACTTA
0Safe_safe_GEA_227963.3525,GTTATGTCTAAAACAGAGTA
0Safe_safe_U1A_227963.6740,GGTGACTTTCTTATACCA
0Safe_safe_MPB_227963.5940,GTTGAATGCCTATAGTGTT
0Safe_safe_SPA_227963.5282,GCTCCTGTATGTGCTTCTTC
0Safe_safe_MU2A_227963.2454,GCTAAGAGGCTGGTACTAA
0Safe_safe_SPA_227963.5614,GTTCTTTCAAAGTCCTACTA
0Safe_safe_U2A_227963.1640,GTCTAATAGAGGGATAGT
0Safe_safe_MU2B_227963.353,GATGTCAAGTTCAGGTATC
0Safe_safe_GEA_227963.3631,GGGCACATTGTGGGTGGAGG
0Safe_safe_MU1A_227963.2152,GAAGTGAAACTGAAAGAA
0Safe_safe_MU1A_227963.2055,GTGTACCCATTTACCAAAA
0Safe_safe_MU1A_227963.2207,GAAATATCTCTTGGTAAT
0Safe_safe_MU1B_227963.1039,GAATATTGCTTCAAAACATT
0Safe_safe_MPB_227963.5899,GGGTACACAAGTGACCTG
0Safe_safe_U2A_227963.1842,GTGGACCAGCCCTCTTCAGA
0Safe_safe_SPB_227963.6250,GGGGCCAGACTTTACTA
0Safe_safe_U2B_227963.1304,GACAGTGGATGTCAAAGGAC
0Safe_safe_U2A_227963.1577,GCTGGAAATCAGAGTTGTGA
0Safe_safe_ACOCB_227963.5209,GTAGGTACAAGTCAAGTCA
0Safe_safe_U1A_227963.6435,GACCATTTGTCGGGGCCT
0Safe_safe_GEB_227963.3934,GATGTATTGTCCACCTA
0Safe_safe_ACOCB_227963.5249,GATGTTTAGCACACATCCAT
0Safe_safe_MU1B_227963.1070,GCTTTGAAATATAATTC
0Safe_safe_U1B_227963.624,GGCTGTGTAATACCTAGACA
0Safe_safe_MU2A_227963.2416,GTTCTAAGCTGTACCTT
0Safe_safe_U1A_227963.6443,GGTTATAGTTGGGGCAAG
0Safe_safe_GEB_227963.4045,GGAAACTGAGGTCCTCCAAG
0Safe_safe_TMMB_227963.3065,GTATCCCAGTAAGATGTTT
0Safe_safe_U2A_227963.1654,GAGAACTAGGCACTGAAAGA
0Safe_safe_ACOCB_227963.5002,GTGAGGTCGCTCCATGGCAA
0Safe_safe_U1A_227963.6523,GTTAGTAATGTCTATCTT
0Safe_safe_TMMB_227963.3071,GTATGATTCCCTGAAAGTTC
0Safe_safe_ACOCA_227963.4611,GGTAATAACATGAGAAT
0Safe_safe_U1B_227963.497,GATAAGAGAAATCAGCTCCA
0Safe_safe_TMMA_227963.2858,GGTCTCAGATTTACCGCATC
0Safe_safe_GEB_227963.3776,GTAAGCATAATTAAGAATAC
0Safe_safe_TMMB_227963.3009,GTATGAAAAACTATTTGG
0Safe_safe_DTKPA_227963.6982,GCTGAAGTGATTTATAG
0Safe_safe_ACOCB_227963.4889,GATATTAAATGTTGTACCG
0Safe_safe_MPA_227963.4147,GTGAGGGCTTATAGGTAGCA
0Safe_safe_DTKPB_227963.7434,GGCATCACCTTATATGCCAG
0Safe_safe_DTKPB_227963.7204,GTGTTTACAGCTGAACCTT
0Safe_safe_GEB_227963.4030,GAGCATTGCACCTCTCCCGT
0Safe_safe_U1A_227963.6661,GAATGTTAAGACAGTGGT
0Safe_safe_DTKPA_227963.6992,GCATAGAGGAGATGTTCGGG
0Safe_safe_ACOCA_227963.4713,GCAAAATTGTCTACAAACAT
0Safe_safe_GEB_227963.3877,GACTTAGATCTCAAAAC
0Safe_safe_DTKPB_227963.7231,GATGCTCTTCTTGGTCAACT
0Safe_safe_GEA_227963.3528,GCTCTAATTGTATTATT
0Safe_safe_DTKPA_227963.6907,GTTCAAATATGTAATTATG
0Safe_safe_U2B_227963.1281,GCTAACAAAACATAATT
0Safe_safe_TMMA_227963.2949,GTGGTATGTGTACTGCCTGT
0Safe_safe_SPB_227963.6332,GACCATCTGTAGCTACACAT
0Safe_safe_GEB_227963.3772,GTATGTTCTATGTCAACTGG
0Safe_safe_ACOCB_227963.5148,GTCCCCTACTCGCTTTAA
0Safe_safe_ACOCB_227963.5075,GAAATTTAGGCCCCACAAGT
0Safe_safe_TMMA_227963.2734,GAGGGTATTAGTTGTTGT
0Safe_safe_MU1A_227963.2009,GTGATAATCCATACTGA
0Safe_safe_MU2B_227963.54,GTTCATTGTGAAGTAGATAA
0Safe_safe_GEA_227963.3648,GTATTCTTGTATCACTAACA
0Safe_safe_U1B_227963.583,GATCAGGATTCTTGAATG
0Safe_safe_GEB_227963.4064,GAATTTAAAGAATTCATG
0Safe_safe_TMMB_227963.3307,GTTCCCGTAGTGGCACAGGT
0Safe_safe_U2B_227963.1223,GAAATTGCTAATTGTTG
0Safe_safe_U1B_227963.540,GCAAGTTCAGATGATCTA
0Safe_safe_MU1B_227963.757,GCACATCAGGCTGAGAGT
0Safe_safe_SPA_227963.5395,GAACCTTGACCTCCATTGGC
0Safe_safe_MU1A_227963.2180,GTGTTCATTGCTACTGTTTC
0Safe_safe_MPA_227963.4309,GTGGGAAACTTTAACCCACC
0Safe_safe_TMMA_227963.2756,GGTTAATGGAGGAAAAC
0Safe_safe_SPB_227963.6053,GATTTCTGCAAGAATTATGA
0Safe_safe_MU1B_227963.925,GTGTTAACCTCTCAGTTCAG
0Safe_safe_GEA_227963.3533,GAACTGTGGTTTGAGAGCCA
0Safe_safe_MPA_227963.4380,GACAATAATCCCCTGAG
0Safe_safe_DTKPA_227963.6817,GCATTATCGTCACTAGACTG
0Safe_safe_U1B_227963.477,GGGGAAATAACTCTGATCTC
0Safe_safe_MU1B_227963.1109,GAGGTAAATAAAGTTGACTT
0Safe_safe_ACOCB_227963.5122,GGCAGTATCCTAGGATAAGG
0Safe_safe_ACOCB_227963.5237,GAGTTGTTCTTCTATATGTA
0Safe_safe_DTKPB_227963.7199,GGTGATTCTAGTCAAGATCA
0Safe_safe_DTKPA_227963.7038,GACTTATGAAAAATCAT
0Safe_safe_ACOCB_227963.4949,GCCACCTGCAAATTGAAAAC
0Safe_safe_MPA_227963.4142,GGCAGACACTACCTGAAGCA
0Safe_safe_U2B_227963.1136,GTTCTACAGTAAGGGTGA
0Safe_safe_MPA_227963.4329,GCACTATACATGTCTAAT
0Safe_safe_MU1A_227963.1969,GAAACTGACTCCTGTTCA
0Safe_safe_TMMB_227963.3144,GATAAAAGACAATTGTCTAA
0Safe_safe_TMMB_227963.3031,GCAAAAGGAGAATTCCTC
0Safe_safe_U2A_227963.1718,GGGGAGAAGCCAGCGGGGTA
0Safe_safe_GEB_227963.4021,GGTAGTTCTATAAGAAGT
0Safe_safe_DTKPA_227963.6931,GGTCCTGTCCATGAGAACCA
0Safe_safe_DTKPA_227963.6966,GCCAATACTTAACCTAAAG
0Safe_safe_U1B_227963.701,GACTGACATTTCTTAGCA
0Safe_safe_TMMA_227963.2825,GGCCAGATTTCCCAGCCTCT
0Safe_safe_ACOCB_227963.4996,GTTGAGTGGCATATTATTTA
0Safe_safe_MU2B_227963.217,GGTTCAGTGATGGTTGAC
0Safe_safe_SPA_227963.5560,GCGAGTGACACGTCAGCAA
0Safe_safe_U2A_227963.1501,GAACTTTATGATAGAGCTT
0Safe_safe_MU1B_227963.800,GATATGCTTGTGTCACTGAT
0Safe_safe_SPB_227963.6169,GGTCACCTCACATTAGCG
0Safe_safe_MU1B_227963.909,GTCTGTAAAACTGACAGAGC
0Safe_safe_TMMB_227963.3154,GCAACATGAAACAATAA
0Safe_safe_MU1B_227963.946,GCCACTGTGCATGTGGGGCA
0Safe_safe_MU1A_227963.1955,GCTGAATGGTTTGGGGGA
0Safe_safe_TMMA_227963.2961,GGACCATCAGGAAACCTTCA
0Safe_safe_U2B_227963.1252,GCCCATGTGTAGCTACAGA
0Safe_safe_U1B_227963.487,GCAGTATCTCCTTTGAGCTG
0Safe_safe_ACOCA_227963.4757,GCCCCAGTAAGGACCTCCAC
0Safe_safe_ACOCB_227963.5216,GATGTAAATTGGTTATTTGT
0Safe_safe_MU1A_227963.2105,GTCCTATCATTAAAGTCAG
0Safe_safe_DTKPB_227963.7185,GAAAATAATTACCTCTGGA
0Safe_safe_U2B_227963.1226,GTCACCCAGCGAGCTTTCA
0Safe_safe_TMMA_227963.2830,GAGTTTGACGGAAGTCA
0Safe_safe_MU2B_227963.269,GAGGCATTGAATGTTAACAG
0Safe_safe_MPA_227963.4300,GACATATGGGTCCCTCTCAT
0Safe_safe_MPB_227963.5728,GTCAGGTTCCTATTTAAAT
0Safe_safe_TMMB_227963.3018,GCAAGTCAGGTCGCCGCG
0Safe_safe_ACOCA_227963.4609,GCTAAAGTGCAGTGGATCTT
0Safe_safe_TMMB_227963.3285,GGCATAAGAAAAATCATTC
0Safe_safe_TMMA_227963.2747,GAATAAATAGTAATTACG
0Safe_safe_DTKPA_227963.6891,GATTCTTGCTCAAACTGTG
0Safe_safe_U1B_227963.576,GGTGGTCGTTATATAATGG
0Safe_safe_SPA_227963.5305,GTGTGAAACAAGCCCCTGG
0Safe_safe_ACOCA_227963.4600,GTAAATTTGGCTAGTGGT
0Safe_safe_U1A_227963.6565,GCAGTCTCTTGCCTACTTCC
0Safe_safe_MU1A_227963.2107,GATATCACTACTTAACTGAT
0Safe_safe_GEB_227963.4025,GTGTGGGAACTCTCAGATTT
0Safe_safe_DTKPB_227963.7249,GTCTCCATTGACTTATTAA
0Safe_safe_MPB_227963.5765,GTGTTCAGGGTCCTCTGAGA
0Safe_safe_SPA_227963.5393,GCCTAAATCTCTTCACCT
0Safe_safe_MPA_227963.4396,GCACATTCTTAAAAATGCTG
0Safe_safe_U1B_227963.668,GTTTAGGGGCAGTACCAT
0Safe_safe_TMMA_227963.2948,GGAGTTTAGGGTGTCAGT
0Safe_safe_U1A_227963.6705,GCTCTTCAAAGCCGAGAA
0Safe_safe_U2A_227963.1526,GAAACAAGATGCAACAGG
0Safe_safe_DTKPA_227963.7029,GGGAAGTGAAGGGGCAGGGG
0Safe_safe_ACOCA_227963.4720,GGTGACAATATCCTAAAT
0Safe_safe_SPB_227963.6144,GTAAAATTCTCAATGAATC
0Safe_safe_U1B_227963.389,GATGTCCTGTCATTACTC
0Safe_safe_MU2B_227963.329,GGAACCCTACGAGAAGGCC
0Safe_safe_MU2A_227963.2566,GTCCAGATATATCTCTTAAA
0Safe_safe_MU2B_227963.50,GACTAGCTACAAGGATGT
0Safe_safe_MU1A_227963.1899,GCAAAGCTTGATTTGGGACA
0Safe_safe_MU1A_227963.2097,GAGGCATGGCAAGAGTAT
0Safe_safe_U2A_227963.1743,GCAGAGAACTTTATCAAGGA
0Safe_safe_U1B_227963.538,GTACAAAAGAGTACACCA
0Safe_safe_ACOCA_227963.4861,GTTGAGATATAAAGGTAA
0Safe_safe_U1A_227963.6726,GATAGCACAACTGAAATTAA
0Safe_safe_TMMB_227963.3032,GAACTAATAGATGTCAGAAA
0Safe_safe_ACOCB_227963.4928,GCATAGAGATAATAAATG
0Safe_safe_MPB_227963.5928,GCTGTATGACTTTACTC
0Safe_safe_MPA_227963.4165,GTTAGTGTACTTTGAAA
0Safe_safe_MPA_227963.4441,GCGGAAATGGGCCATACA
0Safe_safe_GEA_227963.3428,GTCATTAGATGAAGTGTAGG
0Safe_safe_SPA_227963.5292,GTACAGGGCAATGGCTGC
0Safe_safe_TMMA_227963.2844,GAGGGAGCAATGGAACAGCG
0Safe_safe_SPA_227963.5465,GTTTCAAATATGTAAGGTTT
0Safe_safe_MU2A_227963.2267,GCCCCAGGATGTTAAGT
0Safe_safe_TMMB_227963.3254,GAGGCTTTGAAATAACA
0Safe_safe_GEB_227963.3908,GCTATGATGATACTACAA
0Safe_safe_DTKPA_227963.6824,GCAGAAAAGCTACGAGGTAG
0Safe_safe_DTKPA_227963.7109,GAAGTCAGCCAAAAACTTTG
0Safe_safe_MU2B_227963.118,GAAATGTGAATGAGTGAGCT
0Safe_safe_U2B_227963.1297,GAGAGCCCCTGACCCCCTGA
0Safe_safe_SPB_227963.6271,GAACCTTGAAGTTGCAATCA
0Safe_safe_TMMA_227963.2963,GTCTTAGGTCAGGATGTCAA
0Safe_safe_MPA_227963.4180,GTGTAAACTCAACAGAGCA
0Safe_safe_TMMA_227963.2881,GCTAGAGAGTTATTGATTG
0Safe_safe_DTKPA_227963.6934,GAAAACTGATTCAAATAT
0Safe_safe_TMMB_227963.3141,GCTATGAAGGGGACAGAACC
0Safe_safe_MU1B_227963.839,GTGGTATGCACATATAGCAC
0Safe_safe_MPB_227963.5794,GAGGGCATCTTGCATAGGGG
0Safe_safe_U1A_227963.6544,GAGTGGTATAACCGATTGAA
0Safe_safe_ACOCA_227963.4558,GCCTAAGATAATGTCCCT
0Safe_safe_GEA_227963.3688,GAGCCTGAAACTACTTCTGA
0Safe_safe_U1B_227963.631,GAGATGTGCTTACAGAGA
0Safe_safe_U1B_227963.429,GGCTGTAACTTGTAACTGTG
0Safe_safe_TMMB_227963.3132,GATGAACTCATGTCTGAGGC
0Safe_safe_U1A_227963.6489,GGGCCAAGAGTGCTCTTG
0Safe_safe_GEA_227963.3501,GGGCCCATCCGACAGGG
0Safe_safe_ACOCA_227963.4541,GAACAAAGTATTCATAT
0Safe_safe_MPB_227963.5792,GGCTAGAGATTTGGTATCA
0Safe_safe_ACOCA_227963.4556,GTTAGCATATAAAAACACTG
0Safe_safe_ACOCA_227963.4751,GCAAGCCTAGTGATTGCC
0Safe_safe_GEA_227963.3508,GTGAAGCTGCTGGGAAGATA
0Safe_safe_MPA_227963.4130,GCTATATTGCTCTGTCTAT
0Safe_safe_U1A_227963.6484,GTATTAGTAATGAGGAGAG
0Safe_safe_MPA_227963.4137,GGCAGGATACAAGAACAATG
0Safe_safe_DTKPA_227963.6909,GCCATAGGCACTTATCATC
0Safe_safe_U1A_227963.6633,GTCTTTCTGCCTTTGCCA
0Safe_safe_SPA_227963.5567,GGAGGAAAGGCCACTTTATT
0Safe_safe_GEB_227963.4016,GAGTCGGATAATAATCATG
0Safe_safe_GEB_227963.3871,GTGACTAGTGTGGTCAGT
0Safe_safe_MU1B_227963.1045,GAGGTTCATACAATACCA
0Safe_safe_MU2A_227963.2496,GTAAAAATAGTTAGGTGAGA
0Safe_safe_SPA_227963.5515,GAGTAAATATCTGAACAGA
0Safe_safe_SPA_227963.5452,GAAGAATTTGTGCAGAGG
0Safe_safe_MU2A_227963.2608,GTGCGTGTGTGTTACAAGCA
0Safe_safe_TMMA_227963.2976,GCCAGTGGTGAGGAATTCGC
0Safe_safe_U1B_227963.406,GGAATATGCTTAAAGGAAT
0Safe_safe_GEB_227963.4019,GACACACCTTCAGTGTTTA
0Safe_safe_MU1B_227963.903,GTTTCCTATTATAATCCCA
0Safe_safe_MU2A_227963.2561,GACCTAAGACAGATTCTT
0Safe_safe_TMMB_227963.3215,GCTGGGCCTTCAAGTTGAGC
0Safe_safe_U2B_227963.1390,GGAAGTTTGGTTGAAGAACA
0Safe_safe_MPB_227963.5859,GTCAAGCATGGGCTATTTG
0Safe_safe_MPB_227963.5967,GATGTATAAACTATAACCTC
0Safe_safe_MPA_227963.4183,GGCTGCATCATTTCTCGTGA
0Safe_safe_SPB_227963.6318,GTGAGCCTATTATGTTCAA
0Safe_safe_U1B_227963.732,GTAATATAGTTCATGGTCTA
0Safe_safe_U2B_227963.1374,GGTATAGAGAAAGGATGAT
0Safe_safe_MPB_227963.5744,GATTCACACAGATAGGCTGA
0Safe_safe_U2A_227963.1631,GTGGAGAATACTATGAAGAA
0Safe_safe_ACOCA_227963.4839,GTGTTGTGCTCTTATTTC
0Safe_safe_U1A_227963.6733,GACTCACTCCAGAAACCTT
0Safe_safe_TMMB_227963.3143,GGGGCTATAAAGCAGACTTC
0Safe_safe_MU1A_227963.2000,GCCCTCTTCTCTTCACCCCA
0Safe_safe_ACOCA_227963.4552,GAAGAAGAAATATTAGCTA
0Safe_safe_DTKPB_227963.7415,GCTTTGTCACCCAAAAGT
0Safe_safe_TMMB_227963.3240,GTAATGGTAAAGGCTTGT
0Safe_safe_SPB_227963.6297,GTGTGCAATGCTGAGAGTG
0Safe_safe_MPA_227963.4456,GTCACTACCTATTTAAAT
0Safe_safe_MPB_227963.5663,GGTTCAAAGGCAGGACCATC
0Safe_safe_U2A_227963.1792,GAAGTGGCAATAATTCTA
0Safe_safe_MU2B_227963.372,GTATTGTAAAACCATATTT
0Safe_safe_MU2A_227963.2290,GTTTAGTACTAAGAAGTT
0Safe_safe_DTKPB_227963.7236,GGCACCATGCAAGTAAATCT
0Safe_safe_SPB_227963.6280,GAAGCTTAGGCCTTGTAA
0Safe_safe_U1B_227963.561,GCACAGAATGGGAGTACT
0Safe_safe_U2B_227963.1206,GCTTCCAAAAGTGTTTAGGT
0Safe_safe_GEA_227963.3667,GGGTATAGAAATGGCATG
0Safe_safe_MPA_227963.4192,GGTGAGAAAAAGTAGTTAA
0Safe_safe_MPB_227963.5860,GTACCTTCTCAAGAATCTG
0Safe_safe_SPB_227963.6061,GATGAGAGTGAAACACATAG
0Safe_safe_SPB_227963.6054,GCCAGATTTAATTAAGATT
0Safe_safe_MPA_227963.4486,GGAGTGTAACTACATTTAGA
0Safe_safe_MU2B_227963.247,GCCTCTTGGGCGCCTCCCC
0Safe_safe_SPB_227963.6293,GAAGTAATTCTTGATTA
0Safe_safe_GEA_227963.3520,GTGCCCTATTGTTGTGTT
0Safe_safe_GEA_227963.3687,GATAAGAAAATGAAAGAAAC
0Safe_safe_MPA_227963.4280,GTAAGTAATCTCTGGGTAT
0Safe_safe_TMMB_227963.3166,GATCTTCAGTACTTATTTA
0Safe_safe_MU2B_227963.333,GGACTGTCTCAACACTATGC
0Safe_safe_TMMA_227963.2883,GGTGGAAGGACATGTGTC
0Safe_safe_U2A_227963.1738,GTTTACCCTGGAAGAGTAAA
0Safe_safe_MU1A_227963.1902,GTGACCACTGTAAGTAAC
0Safe_safe_MU1B_227963.998,GAGAGCTATTCCTGTATGAC
0Safe_safe_MU2B_227963.101,GAATATTGAGACATGTCTA
0Safe_safe_MU1A_227963.1944,GCAACAAAAGAGCAGCTCAC
0Safe_safe_GEA_227963.3702,GAAGAATCCTAGGAATGC
0Safe_safe_MU2B_227963.230,GTAAAAGTTGAGGTTACAGT
0Safe_safe_DTKPA_227963.6997,GCCCAACCAACTCTTCTTCT
0Safe_safe_MU2A_227963.2285,GATATGGTTTGTGTTAGCA
0Safe_safe_TMMA_227963.2928,GCAGGTGGATTTAGCAAAAA
0Safe_safe_SPB_227963.6364,GTTAGATTTGGCTAATATTC
0Safe_safe_ACOCA_227963.4729,GAGCAAAGAACCATATGATG
0Safe_safe_MPA_227963.4237,GATTGTCATAGCTGCTTTCA
0Safe_safe_GEB_227963.3906,GCCAACTGTACTGGCTGT
0Safe_safe_GEB_227963.3833,GTGAACACAGAGAAAGAGAC
0Safe_safe_DTKPA_227963.6989,GCACACATCAGTAGAATGTA
0Safe_safe_ACOCA_227963.4836,GGATATCTATTTCCGTGAT
0Safe_safe_SPA_227963.5598,GAGTTCTATATTGAAATTAG
0Safe_safe_U1A_227963.6700,GACTCTCAGAGAAAATGCA
0Safe_safe_MU1A_227963.2127,GGCTCATCCATCAGAATT
0Safe_safe_TMMB_227963.3123,GTAGACTGTGGTAGGTTGAG
0Safe_safe_ACOCA_227963.4791,GGCCTGGATCAGACGTGAGC
0Safe_safe_TMMB_227963.3133,GAAAGGTCATAGGTTGTG
0Safe_safe_ACOCA_227963.4800,GGAAGATGACCTTTCAGA
0Safe_safe_MPA_227963.4477,GAGGTGCATTGATTAAAGTT
0Safe_safe_GEA_227963.3666,GTCACCAGAGGTACCATTGC
0Safe_safe_GEB_227963.3891,GGCATTCAGGAACTTTGTTG
0Safe_safe_DTKPB_227963.7405,GCTGTAATATTCACCAAAA
0Safe_safe_TMMA_227963.2712,GTAAATAAAGGGACTGTG
0Safe_safe_U2B_227963.1401,GTGCTTGGGAGGTCCCCC
0Safe_safe_GEB_227963.4010,GACAGGGTACTTGCAGTT
0Safe_safe_MU1A_227963.2224,GAAACAGTGAATCCATTGTT
0Safe_safe_DTKPA_227963.6774,GGCTACAGTGCAATTCAGAT
0Safe_safe_DTKPA_227963.6801,GAAGGCTAAATACAAGAACT
0Safe_safe_U2B_227963.1293,GAAGAGCAACCTTACAAATT
0Safe_safe_MPA_227963.4383,GGAAAGGGCAACTAATA
0Safe_safe_GEB_227963.3781,GTTTACTTTGAGTCTCCTGA
0Safe_safe_MPB_227963.5920,GCTACCATTATAACTATTAG
0Safe_safe_U2B_227963.1131,GTGGTTCTTCACAGTGGTTG
0Safe_safe_MU1B_227963.1048,GGATTGTCATAAAACAAAAT
0Safe_safe_ACOCA_227963.4533,GTATCCCAGTCCCCTACTCC
0Safe_safe_U2A_227963.1599,GGTACTGAAGTTGTAACA
0Safe_safe_MU1B_227963.769,GAAAAACTATTGCGTCC
0Safe_safe_MU2B_227963.305,GCTCGCTGATGTCACTC
0Safe_safe_MU2B_227963.300,GGGTTGTTCTTATAATTA
0Safe_safe_U1B_227963.392,GTACTTGACCTACAACCCCA
0Safe_safe_DTKPA_227963.6868,GATGCCATCAGCCTGCGCC
0Safe_safe_GEB_227963.3807,GGAAAATCCTCAAAATATGG
0Safe_safe_MU1B_227963.793,GGGCAGTGAGTCCACCTC
0Safe_safe_DTKPB_227963.7353,GCCTCCATTTCTGGTCCTCA
0Safe_safe_ACOCB_227963.4963,GGGTAAGTACAGTAAACT
0Safe_safe_U1A_227963.6681,GGCCAGGAATATCTTAATTT
0Safe_safe_MU2A_227963.2353,GTCTGAATTATTGAAGCATG
0Safe_safe_MU1B_227963.899,GTTAAATTGTTCCCTTGATT
0Safe_safe_SPB_227963.6202,GTAAAGAAGATGTAGTACCT
0Safe_safe_TMMA_227963.2985,GAGTATTTCCATAATGAAG
0Safe_safe_MPA_227963.4389,GGTAGCATGCTGCAAACA
0Safe_safe_ACOCB_227963.5069,GGTAATATTTACCCACATA
0Safe_safe_MPB_227963.5938,GTAATTTGATGATTCTAGT
0Safe_safe_GEA_227963.3629,GGTGGGCTAGATACCAGCAG
0Safe_safe_TMMB_227963.3063,GCAACCTATTTGCCTATA
0Safe_safe_MPA_227963.4343,GATCGAAATTATAAGCTCAC
0Safe_safe_MU1B_227963.958,GTCACTTGTGTTCCCAAA
0Safe_safe_GEB_227963.4061,GTGTTGCCCATTTCAGACTG
0Safe_safe_MU2B_227963.51,GAAACAAACGCAAGCTGGCA
0Safe_safe_TMMB_227963.3374,GCAATTCCAGTCCATCTTGA
0Safe_safe_U2A_227963.1643,GATACTTAAAAATCGTGA
0Safe_safe_U1B_227963.450,GCTAGGGCTCAGGCTAAACA
0Safe_safe_DTKPB_227963.7453,GAGTATGTTCTAAAATCAG
0Safe_safe_MPA_227963.4225,GTTTGCCTAAAAGTGGTCT
0Safe_safe_DTKPB_227963.7294,GAAACTAATTCTACTCAAGA
0Safe_safe_GEB_227963.3893,GATGGAGTCCCTAGGCAG
0Safe_safe_DTKPB_227963.7324,GCAGGAACGCGTTCTAAA
0Safe_safe_TMMB_227963.3221,GCCATGGATCCAAACTGCCA
0Safe_safe_GEB_227963.3949,GCGGCAATACTGACAATCA
0Safe_safe_MU1A_227963.2247,GCTATACGAGTATGAGAAA
0Safe_safe_TMMA_227963.2757,GATGAATAAAATTACCACA
0Safe_safe_MPA_227963.4135,GTATCACAGGGGCTTTCCT
0Safe_safe_MPA_227963.4296,GAAGATCAAGGATACAGA
0Safe_safe_GEB_227963.3976,GAGAATAGGATTACAAAT
0Safe_safe_ACOCA_227963.4736,GTAAATAGGGTAGTTTAG
0Safe_safe_MU1A_227963.2221,GAGAATAGTGAAGTATTTA
0Safe_safe_DTKPB_227963.7286,GCTATTTGTGGAACTCAAAA
0Safe_safe_TMMB_227963.3209,GCAGGAGTTCAGAGGGTTT
0Safe_safe_DTKPA_227963.6866,GACAAAATCAATATTACTGT
0Safe_safe_MU2A_227963.2404,GATTGCAAGCCACAACTTAG
0Safe_safe_ACOCB_227963.5180,GTGTAATACTCAAGGCCCTT
0Safe_safe_DTKPB_227963.7496,GGCTAATGCTCTTTCAGGA
0Safe_safe_U2B_227963.1322,GCTACTAAACACTTGAATG
0Safe_safe_DTKPB_227963.7385,GACCCACATACCCAGAAAA
0Safe_safe_ACOCA_227963.4594,GTTAGCTAATGAAAATCC
0Safe_safe_SPB_227963.6283,GGATCCCCGGACGCTGAC
0Safe_safe_TMMB_227963.3320,GTCAGCATCAACAAAAAAT
0Safe_safe_U2A_227963.1532,GCACTCAACAATAACTT
0Safe_safe_MU1A_227963.2136,GTCAAGGCTTGGGGTGAG
0Safe_safe_U1B_227963.623,GATACTGGTAGTTTAAAACA
0Safe_safe_MU1B_227963.1092,GGTCTGAGTCTCCCCACCGT
0Safe_safe_U1B_227963.493,GATCCCTGACACCCATTG
0Safe_safe_SPA_227963.5340,GATAACTGATGCTTATTGGT
0Safe_safe_TMMB_227963.3214,GACAGGGTACCATCTTAT
0Safe_safe_MU1A_227963.2101,GCTGTTCCTATTCTCAGT
0Safe_safe_TMMB_227963.3218,GCTGGATCGTGATTTACT
0Safe_safe_MU2A_227963.2335,GTAGGACTTTCTATTGT
0Safe_safe_DTKPB_227963.7228,GCATGCTAGCCTAAGGAT
0Safe_safe_TMMA_227963.2717,GGTCAAAAGCACCCTAACT
0Safe_safe_SPA_227963.5490,GAGTTTCATATTCTTTATAC
0Safe_safe_GEB_227963.3907,GTCATAAAAGATAGACCCAC
0Safe_safe_MPB_227963.5866,GTTTACTGTTGCAAAGTGCA
0Safe_safe_ACOCA_227963.4690,GACAAGTTGAGACTGTTT
0Safe_safe_ACOCA_227963.4803,GGAACCTGAACCTCTAGACC
0Safe_safe_MPB_227963.5835,GCAAAACAAGTAATTCAGAA
0Safe_safe_U1B_227963.546,GCAAATTCTTAGTGTTC
0Safe_safe_ACOCB_227963.5052,GGCTATTTAAAATAGTA
0Safe_safe_U1B_227963.703,GCTCCATTTCATTTGCCTGA
0Safe_safe_SPA_227963.5472,GGATAAGTATAATGGCAT
0Safe_safe_MU1B_227963.774,GATATTGCTGACAGCCTA
0Safe_safe_ACOCB_227963.5046,GATTACAATGTACATTTA
0Safe_safe_DTKPB_227963.7240,GTAAAAGGATTGAAGGTGAA
0Safe_safe_GEA_227963.3571,GGAGTTAAAGACCAACTTCA
0Safe_safe_MU1B_227963.1001,GTTCTTGGGATAAAAATCTA
0Safe_safe_GEB_227963.3805,GTTTCTGAATGTGCAAGG
0Safe_safe_MU2A_227963.2465,GAGAAGATATAATAGTGATG
0Safe_safe_MU1B_227963.816,GGCACACTCAGACAGGAC
0Safe_safe_MU2B_227963.337,GTGCTTTAACCCTAAGTGCT
0Safe_safe_DTKPA_227963.7056,GGTTCTGGTACTGAGTGTTG
0Safe_safe_SPB_227963.6063,GAAAGGGGCCAGTATCTGT
0Safe_safe_U2B_227963.1442,GATTTGACTCTATGGAAG
0Safe_safe_GEB_227963.3785,GCTCCTCTATCAGAGGCA
0Safe_safe_MU2A_227963.2277,GCTTAGAGTTGTCAAATCCC
0Safe_safe_MPA_227963.4269,GGGACTGTTTAGCAGAAAAA
0Safe_safe_ACOCA_227963.4547,GTCAGAGTTCTTGAGGTGG
0Safe_safe_DTKPB_227963.7341,GCACCGCTTACCCACCCTGC
0Safe_safe_GEA_227963.3732,GGCCTATCATTACACTACCA
0Safe_safe_DTKPA_227963.6839,GCATGACCTGATTCCCTA
0Safe_safe_MU2B_227963.79,GTTCACTATTATCTAGAATC
0Safe_safe_MU2A_227963.2403,GCAAGTGAATACAATATCTT
0Safe_safe_ACOCB_227963.5029,GAACCCCCACTTCAAAT
0Safe_safe_U2A_227963.1777,GGTAGGCTCCTCAGACCAAC
0Safe_safe_MU2B_227963.264,GGTCAAGAATGTAGATGC
0Safe_safe_U2B_227963.1463,GAGCAAGGTATACAGGCTTT
0Safe_safe_SPA_227963.5525,GTGTAATTATCACATCA
0Safe_safe_MU2B_227963.110,GTTTAATAGGTTTATCTC
0Safe_safe_DTKPA_227963.6985,GCATCTGCAATCCTGTTCC
0Safe_safe_SPB_227963.6068,GTAACATGTAAATGAGA
0Safe_safe_TMMB_227963.3004,GAGGTTCTCCAGAAGTGCCT
0Safe_safe_MU1B_227963.935,GGTGTAACAATTCCAGG
0Safe_safe_MPA_227963.4488,GGTATGTGAGAATGTCAGCA
0Safe_safe_MPA_227963.4298,GTATACCTCAGATTTGAA
0Safe_safe_SPB_227963.6103,GCACAAGTTACCTATGCTTC
0Safe_safe_MPB_227963.5699,GTCCAGTCTGTCTATACGA
0Safe_safe_MU2B_227963.240,GGGGCATATAATTATTTC
0Safe_safe_MPB_227963.5869,GCAAAGTATCAGTCTACATG
0Safe_safe_GEA_227963.3526,GGGAAGATGTGAGGATCGA
0Safe_safe_DTKPB_227963.7278,GTACTTCTGTTTGCTAAA
0Safe_safe_MPA_227963.4224,GTTCAGGGAAAAGGTAGAAT
0Safe_safe_MU1B_227963.851,GTACCATTGTTAAGAGTCC
0Safe_safe_TMMB_227963.3236,GAAATAGGAGTATAATGTT
0Safe_safe_DTKPA_227963.6988,GTTCCTTGGAAACATTTAAA
0Safe_safe_TMMB_227963.3312,GATTTGAACATATTGATCTT
0Safe_safe_MU1A_227963.1996,GACCATCTATAAATGCAAAT
0Safe_safe_U2A_227963.1690,GGGCACCAAATGGTAGTA
0Safe_safe_SPA_227963.5456,GAGAGGTTAACACTGAGCCA
0Safe_safe_MU2B_227963.12,GACTTCTCGGTCATTTCCC
0Safe_safe_MPB_227963.5956,GCATGATGTACAGCAATACA
0Safe_safe_GEB_227963.3875,GAAGTCCTACTTCAGTTTGT
0Safe_safe_SPA_227963.5592,GAACCGCCAAGTCCCACAC
0Safe_safe_MU1A_227963.2155,GGCATCTGGTTATTAAG
0Safe_safe_MU2B_227963.180,GCTTCATTAGCCCTAGGT
0Safe_safe_GEB_227963.3856,GCACCACAATGGGTGTCA
0Safe_safe_DTKPB_227963.7319,GAAACCCAAATCACTTTACC
0Safe_safe_MPB_227963.5851,GAAATCCCTAAGATAGG
0Safe_safe_U1B_227963.492,GATAAAAGTTTATCCTTT
0Safe_safe_U1B_227963.695,GGTTCATTACCAGGTCCCCT
0Safe_safe_MU2B_227963.145,GTAGATTGGGAGGTCTCTCA
0Safe_safe_MPB_227963.5719,GCTTATAGATAAAGCCAA
0Safe_safe_U1A_227963.6613,GTCCCCGTCTTTCTGGTAAA
0Safe_safe_U2A_227963.1662,GCTACGTAGTGTTGTATCAC
0Safe_safe_MPA_227963.4448,GGAGGATAATTTGGTTGCTC
0Safe_safe_GEA_227963.3492,GAGGTTGTGCCATCGGTGAA
0Safe_safe_MU2B_227963.212,GAGCAATGGGAAGATTC
0Safe_safe_GEB_227963.3766,GCAATCTAGCCATACGAA
0Safe_safe_U2A_227963.1805,GTCAGTGTGACTTTGTT
0Safe_safe_TMMA_227963.2750,GACAAAAGTAAAGGCTTCAG
0Safe_safe_DTKPB_227963.7421,GCTTTCATATCCCAGGGACA
0Safe_safe_GEA_227963.3559,GCCTAGTTATGTACATATG
0Safe_safe_TMMA_227963.2896,GTTAAAGTCACTGAACTGT
0Safe_safe_GEA_227963.3596,GGAGATACATGGTGGCTAGT
0Safe_safe_DTKPB_227963.7289,GAGTGTAGAAAGTGAACTAA
0Safe_safe_MU1A_227963.2005,GCCCATTCTGGAGTCTAAGT
0Safe_safe_DTKPA_227963.7068,GAATGCAGGGATGCAGAAGA
0Safe_safe_DTKPB_227963.7351,GTACACTTCGGGTAACATA
0Safe_safe_TMMB_227963.3039,GATATTAAATGTTGTACCGT
0Safe_safe_U2A_227963.1617,GGCAATCAAATATATCTG
0Safe_safe_TMMA_227963.2648,GGCTACTCATCTCCTAAATA
0Safe_safe_ACOCA_227963.4570,GATCCATTCCAGTCTCAAGC
0Safe_safe_GEB_227963.3841,GGTTGTTTCATGGTGTATCC
0Safe_safe_ACOCB_227963.4941,GATATACACTGTAGCATCAA
0Safe_safe_U1A_227963.6423,GTTAAAGTGTACAATCTT
0Safe_safe_U2B_227963.1427,GCTATAGTCAAGTTATAGG
0Safe_safe_MPA_227963.4364,GAGAGCAGGGTCAGTTACCA
0Safe_safe_MPB_227963.5639,GTTGATGTCAGCTATGCTCA
0Safe_safe_TMMB_227963.3002,GCTAGAAGGAGGAGTCTGGC
0Safe_safe_U1B_227963.434,GCTGGTTTGCATAGAGGG
0Safe_safe_MPA_227963.4332,GGCCAAGGAGCTATCAAGAT
0Safe_safe_GEA_227963.3592,GGTTTAAGTAGAATGAAAT
0Safe_safe_DTKPB_227963.7135,GTGAAGAAGAGCTGGCTTTA
0Safe_safe_TMMA_227963.2824,GATATTTATGTCCACTTG
0Safe_safe_MU2B_227963.255,GAGCGCGCGCTGCGTGTG
0Safe_safe_MPB_227963.5910,GTCTATTTCAACAAGTAGAT
0Safe_safe_U1A_227963.6403,GATTAGCAATGAATCAATAT
0Safe_safe_GEA_227963.3673,GTTGACCTCAGGTTTATG
0Safe_safe_U2A_227963.1590,GGGCTTGTTCAGAAAGGC
0Safe_safe_U1B_227963.580,GGCCAAAATTAAACTGGA
0Safe_safe_SPA_227963.5528,GGTAACTCTAGCGAAGGTG
0Safe_safe_GEA_227963.3698,GAGATCAAACAAAAGTCTGG
0Safe_safe_MU2B_227963.262,GGTCTATCAGGTCATAGCAC
0Safe_safe_GEA_227963.3490,GAACTTGTTTAGAAACTCC
0Safe_safe_DTKPB_227963.7344,GTCAGTGAGTTACAGTTTC
0Safe_safe_MPA_227963.4149,GGACCACAAGACAATTT
0Safe_safe_DTKPB_227963.7210,GATACACCTCACATAGGG
0Safe_safe_U1A_227963.6449,GGGATGGGAGGGGTAGGTT
0Safe_safe_SPA_227963.5405,GAATGACTTAGATCTTAC
0Safe_safe_U1B_227963.636,GCATTGTTAAACACAAAGAA
0Safe_safe_ACOCB_227963.4916,GAGATCAAATTTATGAG
0Safe_safe_TMMB_227963.3072,GCTTTATATATGCTGAAGCA
0Safe_safe_SPB_227963.6368,GACCTTCCCCTATCCTTCAT
0Safe_safe_DTKPB_227963.7357,GGCTTCAAATGTGAAGTTT
0Safe_safe_SPA_227963.5260,GTGCATTGGAAGAATAAG
0Safe_safe_U2B_227963.1346,GATCTCAGTGCATAGCCACC
0Safe_safe_MU1A_227963.1893,GTTGGCCGGAGTGAAGCTGT
0Safe_safe_U1B_227963.435,GTTTGACAACCAAGTCAGGA
0Safe_safe_U1A_227963.6534,GTAAATATCTGAACAGAAGG
0Safe_safe_U1A_227963.6430,GAGAAATCAGAAATCTTAGA
0Safe_safe_TMMA_227963.2714,GATAATTTGAAACAAGGAAG
0Safe_safe_DTKPB_227963.7303,GAGATTGTTTGAACATGA
0Safe_safe_TMMB_227963.3289,GCTTAAAGTCTGACTAAG
0Safe_safe_U2B_227963.1332,GAAAGACAAACCCTATTAAT
0Safe_safe_MU2B_227963.120,GCAGCTCACAGTAATGA
0Safe_safe_DTKPB_227963.7445,GCCACGTGTATTAACTGTAA
0Safe_safe_MPA_227963.4272,GACCTGTCTAATATTCCTTT
0Safe_safe_TMMB_227963.3083,GTACATGTGTATGTGAATCC
0Safe_safe_GEB_227963.3960,GGACTGTGATTGCCATCTTG
0Safe_safe_MU2A_227963.2433,GTCACCTTCATTTCCACTCC
0Safe_safe_TMMB_227963.3113,GATGTCAGCTATGCTCAG
0Safe_safe_TMMA_227963.2993,GAGAAGTGGAGTGACTTTGA
0Safe_safe_MPA_227963.4368,GGAGCAGCCGTCTCAGTTC
0Safe_safe_MPB_227963.5959,GTGTTCATCACTAGTTCT
0Safe_safe_DTKPB_227963.7250,GCATTAAAAAGGAGAAATTT
0Safe_safe_GEA_227963.3680,GAAAAATGCTATACTTC
0Safe_safe_MU1B_227963.844,GTGGGGCAATATATATA
0Safe_safe_MPA_227963.4346,GCTTCCAGCTGGAGATAC
0Safe_safe_MPB_227963.5693,GAACAAATATATTGCTTAG
0Safe_safe_SPB_227963.6211,GAACCCGAGACATACTTTC
0Safe_safe_U1B_227963.639,GGCATAAAATCTCAGTTT
0Safe_safe_MPA_227963.4412,GGCTGAGAATGTCTTGAT
0Safe_safe_TMMB_227963.3282,GAAACTGACACAGTAGGTGT
0Safe_safe_ACOCA_227963.4515,GTGAAGGTTAGAGAAGTCAC
0Safe_safe_U2A_227963.1557,GAAATTCACACCTGTCTCA
0Safe_safe_U1A_227963.6605,GACATATGTGTGGATCATA
0Safe_safe_MPA_227963.4278,GGTTAAACATAGTTCCAAAG
0Safe_safe_MU2A_227963.2395,GGCTTTGATGATAATTTA
0Safe_safe_MPB_227963.5634,GGCAGGCTCAGTTCTAGCCC
0Safe_safe_MPA_227963.4243,GTTCCACAGCAGGACATACG
0Safe_safe_TMMA_227963.2721,GAGGGTAGAGATTTCATCAG
0Safe_safe_TMMA_227963.2866,GAAATTAATGTTGCAAA
0Safe_safe_ACOCA_227963.4549,GCCTATCTGAATTTAGTGGA
0Safe_safe_SPB_227963.6298,GATGAGGAAAAGCAATGTGG
0Safe_safe_SPA_227963.5433,GTGTCCAAAATGGATTATC
0Safe_safe_MPA_227963.4350,GCACTGACCCTGTGGACTT
0Safe_safe_MPA_227963.4423,GAAATTCCTCCTTATACA
0Safe_safe_MPA_227963.4133,GGAGCTAGTTATAACAGATG
0Safe_safe_MU1A_227963.2181,GAGTCTTTAACTTCTAGT
0Safe_safe_MU2B_227963.354,GGAGGGGCGGAGAGTTTCCC
0Safe_safe_MPB_227963.5755,GATCACATTGGGTTAAA
0Safe_safe_SPA_227963.5565,GAAATTTAGATTTAGTCAC
0Safe_safe_MPB_227963.5944,GAATTAGTAATGGCTAATTT
0Safe_safe_MU2B_227963.52,GGGTGAGAACTCGAACAA
0Safe_safe_U2A_227963.1597,GTATCTAGCTGCTAAAGCAC
0Safe_safe_ACOCB_227963.4997,GATCTTGGCTAAGAACCCTG
0Safe_safe_U1A_227963.6562,GTAATGTGCTAATAGGGAA
0Safe_safe_MU2B_227963.15,GGTAAGAGATGCCTAAGA
0Safe_safe_SPA_227963.5463,GATTTAATGACTAAAGTTA
0Safe_safe_TMMB_227963.3345,GGTAGAATCCTACTTTCT
0Safe_safe_TMMA_227963.2647,GTCTTTAGTCTGGACTAAAA
0Safe_safe_ACOCB_227963.4903,GACTGCCCTCTGAGGTAGTA
0Safe_safe_MU1A_227963.2228,GAAAGCAGGACTTTCTAAG
0Safe_safe_MU2B_227963.351,GGACTGCTGTGATTTGTGA
0Safe_safe_MU1A_227963.1954,GTAGATGTGATAGCAACTT
0Safe_safe_ACOCB_227963.5093,GTGACAATTGGTGCAGAACC
0Safe_safe_MPB_227963.5802,GTATAGTTCTCTATTATA
0Safe_safe_DTKPB_227963.7239,GTGAATGCTTTGTCATGT
0Safe_safe_TMMA_227963.2704,GAACTCTTGAGACTCCAG
0Safe_safe_MPB_227963.5641,GATTCGTGCTGTGAAAAACA
0Safe_safe_SPB_227963.6276,GTTCACTAAAAGGTAAAGGG
0Safe_safe_MPB_227963.5787,GCTCTTTGGTCAAGTCTTA
0Safe_safe_ACOCA_227963.4783,GGAGAATCATATGAGAGAT
0Safe_safe_SPB_227963.6207,GAGGTAGTTGAGGAGTCAGG
0Safe_safe_U2B_227963.1158,GTATTCTTTCAGATGTAT
0Safe_safe_U1A_227963.6566,GTGACTTTCTGGATCTGAG
0Safe_safe_MU2B_227963.84,GTTAAATCAAAAGCATCTT
0Safe_safe_ACOCB_227963.5179,GCATTATTAAAACCCGGA
0Safe_safe_U2B_227963.1277,GACTAATTACTGGATGAA
0Safe_safe_DTKPA_227963.6944,GAGTAGATTATCTATAGGAA
0Safe_safe_MU1A_227963.2189,GAATGATTAAAAGATGTCAT
0Safe_safe_MU2A_227963.2401,GGAGAATTCATCCACTCGGC
0Safe_safe_MU1A_227963.1887,GGAACCCACAGTCCATCC
0Safe_safe_TMMA_227963.2674,GGCCTGTTATACTTTCTG
0Safe_safe_ACOCA_227963.4709,GTACTTAGATCAAACAGT
0Safe_safe_SPA_227963.5341,GGACTCTACCAAATCTTCAA
0Safe_safe_U2A_227963.1765,GTATATTCATGCCAACACCT
0Safe_safe_TMMB_227963.3150,GGACCTAGATTAGAATGTT
0Safe_safe_SPB_227963.6025,GGTCATGTGACTGAAGAGT
0Safe_safe_MU1A_227963.2206,GGTTACTATTACTACAATC
0Safe_safe_U2B_227963.1257,GTTAGCACAAGTCTGCT
0Safe_safe_GEA_227963.3706,GAAACTATTCAGGTTGCT
0Safe_safe_MPB_227963.5626,GTTAAGTAGTGATATCACTT
0Safe_safe_MU1A_227963.2129,GATTGAAGAATAATATCATG
0Safe_safe_SPA_227963.5485,GGAGGGATCATGACACTCTA
0Safe_safe_ACOCA_227963.4681,GGTCTATCATATATAGCTTT
0Safe_safe_GEB_227963.4044,GTATATATACACATTTGTG
0Safe_safe_SPA_227963.5275,GACCCATGACCCCTCAGA
0Safe_safe_U1B_227963.633,GCCATTGATCTGTCTCTGTA
0Safe_safe_SPA_227963.5554,GAGGCTACTGAATGTTGATG
0Safe_safe_MPA_227963.4213,GTCCATAAAAACAGGAATTC
0Safe_safe_MPB_227963.5778,GCAATCTGGTTTGTCCTCCT
0Safe_safe_ACOCB_227963.5190,GTACATGCTTGAAATCTCTG
0Safe_safe_TMMA_227963.2946,GAAAGAAAGACCCAAATATG
0Safe_safe_MPB_227963.5975,GAGTTAATTGGGTGATA
0Safe_safe_GEA_227963.3626,GTTAACTGGACTGGACCAGC
0Safe_safe_U1A_227963.6384,GTTTACAAGATAATCACC
0Safe_safe_SPA_227963.5514,GTCTAGAATAATATCATTCA
0Safe_safe_SPA_227963.5474,GCTACTTCTTTATACTTTGT
0Safe_safe_MU1A_227963.2027,GTAGTCCATAGAAATGTGCA
0Safe_safe_MPB_227963.5810,GATAGTGTTTGGGCACCC
0Safe_safe_MU2A_227963.2615,GTCTTTAAATGAATGGTTGA
0Safe_safe_MU1B_227963.1078,GATCTATGTACCTCCCAAT
0Safe_safe_TMMA_227963.2950,GTACACTAGAGCTGGGGATA
0Safe_safe_MPA_227963.4315,GCCACTGACCAGACTGTGAA
0Safe_safe_MU2A_227963.2288,GGTACATTTCAGGAGCCTG
0Safe_safe_U1B_227963.396,GGAAACTTGTAGTAATTTAA
0Safe_safe_SPA_227963.5302,GGCAAGATAAAGACATGAA
0Safe_safe_GEB_227963.4050,GGATAACCCTAATCCAGA
0Safe_safe_DTKPA_227963.6874,GTACATTTCCTGCCCTACAG
0Safe_safe_MPA_227963.4490,GTAGTTGAAAATTGAAA
0Safe_safe_MPA_227963.4282,GATGCTCTCACTTGCTAA
0Safe_safe_DTKPA_227963.6794,GGAAAATATCAAGGCAGAAT
0Safe_safe_U1A_227963.6697,GCATTGAAAGATGATAAGT
0Safe_safe_GEA_227963.3632,GGAAGTCCTTTATGAAGGCA
0Safe_safe_MPA_227963.4244,GTCCTATGCAAGACTTCT
0Safe_safe_MU2A_227963.2374,GTGTTATCCACACAAAGT
0Safe_safe_MU2A_227963.2522,GCCCTCTTGACAGAAATAAA
0Safe_safe_DTKPA_227963.6996,GGTAAACTGAAGTTAATAT
0Safe_safe_TMMB_227963.3363,GCCTTTCTAAAGAATAGAAC
0Safe_safe_U1B_227963.628,GTTCTCAGTAAGTAACCAGG
0Safe_safe_U1B_227963.706,GACTGCCCTAGGGGAAA
0Safe_safe_SPB_227963.6052,GTTCATTGCAACAAGATTGT
0Safe_safe_GEB_227963.3929,GGCATCCCAAACATCTTAC
0Safe_safe_MU2A_227963.2485,GGTACTATGCACAGTGATG
0Safe_safe_U2A_227963.1584,GTATCTAAGGAGAGAGTC
0Safe_safe_ACOCA_227963.4714,GAGGGCTCAGTGGTGTTAC
0Safe_safe_U1B_227963.485,GGCTCCTTTCTCCACGTGAA
0Safe_safe_DTKPA_227963.6925,GGCGCCATAGCCTGACGGGC
0Safe_safe_U1A_227963.6677,GCCATTGAAAATGAATCA
0Safe_safe_DTKPB_227963.7480,GTAAATTATTTGACTTG
0Safe_safe_SPA_227963.5416,GCCACGTGCAAGGTCCTG
0Safe_safe_TMMB_227963.3268,GCCGTCAGGTCACTGGA
0Safe_safe_U2A_227963.1621,GAACAAAGCCCATGCTAA
0Safe_safe_MU1B_227963.805,GTGTTGAGTATCACGGAT
0Safe_safe_U2B_227963.1217,GAGTGCATCATTTGGAATT
0Safe_safe_MPB_227963.5982,GATGGATATAAAACAACA
0Safe_safe_SPB_227963.6161,GCCAGGCAAGTACAGTGTTA
0Safe_safe_TMMA_227963.2862,GGCATTAGGACAAGAGTTT
0Safe_safe_MPA_227963.4465,GACCATTTAAATCATGGA
0Safe_safe_ACOCA_227963.4827,GACAGTAATCTTCTTCTGG
0Safe_safe_TMMB_227963.3308,GGTCATTAATGTAGTGGCAT
0Safe_safe_MU1A_227963.1939,GATCCACAAGTAATTGGA
0Safe_safe_MU2B_227963.293,GTTTACTGTAGTAAAGGTAT
0Safe_safe_MU1A_227963.2035,GTGTTAAGGATCAAAAC
0Safe_safe_MU1A_227963.2151,GTTACATTCCTGAATCTGAG
0Safe_safe_MPB_227963.5950,GTTACTGAACCATAGTGA
0Safe_safe_TMMB_227963.3372,GAGTGTGGCAGGAGTTGGGC
0Safe_safe_U2B_227963.1255,GGATGAGTATATGGGCATTG
0Safe_safe_MU1B_227963.896,GCTTAAGACTGATCCAAAAC
0Safe_safe_SPA_227963.5370,GATTACAGTAGCCAGTTA
0Safe_safe_MU1B_227963.861,GAGGTCACAGATGAAGATCA
0Safe_safe_U1A_227963.6450,GCAAAAGTTAATACAATA
0Safe_safe_TMMB_227963.3151,GTATGTTGTACAAGTGCACT
0Safe_safe_MU2A_227963.2598,GTGAGCACTTTATACAT
0Safe_safe_U1B_227963.539,GCAAAAAAGCCTAGTCAC
0Safe_safe_MU2A_227963.2476,GGAAAATTCTAGATCTTA
0Safe_safe_U1A_227963.6416,GTGTAAACTCACGAATCACC
0Safe_safe_MU2A_227963.2519,GAATATAAAGAGTACAGTTA
0Safe_safe_GEB_227963.3935,GGTGTGGTTATGATCTTCCT
0Safe_safe_U1B_227963.385,GGGCGATTGGAAAACACACA
0Safe_safe_DTKPA_227963.6784,GCTCCTAATTTCTTTGGC
0Safe_safe_MU2A_227963.2336,GAGGTTGGAATTTGAGCCC
0Safe_safe_U1B_227963.420,GAGTATCTAAGAGCTATGGA
0Safe_safe_ACOCB_227963.5186,GACTTGAAGAAGGGCTAGA
0Safe_safe_MU2B_227963.249,GCTCTGTCCTTGTTTATAA
0Safe_safe_MU1B_227963.1106,GATATGAACCAAGGCCATAT
0Safe_safe_ACOCA_227963.4643,GTAGAAACTGTCCTGAT
0Safe_safe_TMMB_227963.3011,GAAATTGTTAATGTATTTC
0Safe_safe_ACOCA_227963.4673,GAAAGCTAGTTCCTTATTTG
0Safe_safe_U2B_227963.1282,GTTGCTGTTTGAGGTCACTC
0Safe_safe_ACOCA_227963.4766,GACCCTAGCTACCCAGCT
0Safe_safe_ACOCA_227963.4847,GACAGAGAGAAAAGATGAT
0Safe_safe_MPB_227963.5879,GTTACAATTATTCTCTGT
0Safe_safe_MU1B_227963.766,GATGGCCAGACTTGTCTATC
0Safe_safe_U2A_227963.1812,GGAACTATACTTCAACAAGT
0Safe_safe_U1A_227963.6680,GGAAGTTCTTCAAGGTTAAG
0Safe_safe_SPA_227963.5344,GTCCTTCAAAGGTAGAAT
0Safe_safe_MU1B_227963.981,GGTCCCATATTGTGATGAT
0Safe_safe_U2A_227963.1588,GGAATGATACAACTCTTCT
0Safe_safe_U1A_227963.6585,GGTGGAAGTATAGGGAGTG
0Safe_safe_MPB_227963.5840,GAATACTTTATGAACTGA
0Safe_safe_ACOCB_227963.5167,GTTACCTATGCTTCTGGGAA
0Safe_safe_SPB_227963.6094,GAACGGTAGGCAACTCTG
0Safe_safe_MU2B_227963.344,GTGAGGTTGATAAAAGCAAA
0Safe_safe_TMMB_227963.3326,GTGATCTCCACCTACGTGCC
0Safe_safe_MU1B_227963.795,GATCTCTTGATATGGTAGAT
0Safe_safe_ACOCB_227963.5173,GGACATTGTTATCAATCATG
0Safe_safe_MU1A_227963.2061,GGAAGTTATTGGGTAACTCA
0Safe_safe_SPB_227963.6355,GCAGGTCGGATGTATGGT
0Safe_safe_U2B_227963.1294,GATTATACCAAGCTTTATC
0Safe_safe_ACOCA_227963.4621,GAGTACTCCAGAGAAAAT
0Safe_safe_MU1B_227963.1074,GGTTGACTGAATCAGGGC
0Safe_safe_TMMB_227963.3200,GATGATGGTGGTACTTAGC
0Safe_safe_SPB_227963.6078,GGTATAGTAAATTGAAAA
0Safe_safe_U1A_227963.6588,GTTGTCTAGAGAGATGA
0Safe_safe_TMMA_227963.2758,GGAGACACGGGACATTG
0Safe_safe_ACOCB_227963.4959,GAAGAAAACTCCTTTAT
0Safe_safe_GEA_227963.3691,GTAAGAGTCATCGATAGTTT
0Safe_safe_MU2B_227963.144,GAAACAAAAGACGCCACT
0Safe_safe_ACOCB_227963.5143,GTTTCACATACTTAGTCT
0Safe_safe_MPA_227963.4417,GTTATAGGGTCATAATTAT
0Safe_safe_ACOCA_227963.4869,GTAGACCTAGTATCTCATTT
0Safe_safe_SPB_227963.6131,GTAAATTCAATATCAACTGC
0Safe_safe_DTKPB_227963.7283,GAGAGGAAAAGTAGAGTTGC
0Safe_safe_MU2A_227963.2317,GGGTATAAGTGGATGTAAA
0Safe_safe_GEA_227963.3733,GTAGAATGCACTTCCTTTC
0Safe_safe_SPB_227963.6203,GCAATTTATACCTTTATCTG
0Safe_safe_TMMB_227963.3056,GGCATGGGGTCACCCACATG
0Safe_safe_MU2B_227963.194,GGGGCTACTAAGGCTCAGGA
0Safe_safe_U2A_227963.1689,GGTGGTAAAAGAGATGGCC
0Safe_safe_U1A_227963.6555,GTAGATAGACTAAACTA
0Safe_safe_U1A_227963.6606,GTGAAAACCATAATGCCATG
0Safe_safe_MU2B_227963.303,GTCAATGATGTATCAGTGAA
0Safe_safe_MPB_227963.5877,GACAAAATAAAGGATAACC
0Safe_safe_U2B_227963.1301,GAATGGACACAGAAAGCTCA
0Safe_safe_TMMB_227963.3006,GGTTAAAAATACTTACTT
0Safe_safe_MU2A_227963.2359,GGTAATAAATACTTTAG
0Safe_safe_DTKPA_227963.7054,GCATTTGACTCTTTCATCAT
0Safe_safe_TMMB_227963.3005,GACTTAAGATACACTGTCTG
0Safe_safe_DTKPB_227963.7361,GGAAGCACTGATATACTTAA
0Safe_safe_DTKPA_227963.7092,GAACATTTCCGTTTAACCAA
0Safe_safe_U2A_227963.1574,GTGTAATGGTGGCAAATA
0Safe_safe_U2A_227963.1658,GGGTCCCGTCGTTCTCAGCG
0Safe_safe_ACOCA_227963.4657,GGATAGAGCCGTGGGATA
0Safe_safe_U1B_227963.676,GACAAGTCTGGCCATCTCAC
0Safe_safe_U1A_227963.6738,GCTTAAGACAACTTTAACAC
0Safe_safe_MU1B_227963.850,GAGTAAGACAGGATAATACA
0Safe_safe_TMMA_227963.2944,GTTGCAAGAGTCCTTGC
0Safe_safe_GEA_227963.3647,GTAATCTTAGCAAATGTTCA
0Safe_safe_GEA_227963.3425,GTAAATTATCCTTGATAAGT
0Safe_safe_DTKPA_227963.6999,GAACATGGATTATACATCAA
0Safe_safe_ACOCB_227963.4960,GGAAATGAGCCCTGCTTTG
0Safe_safe_MU1A_227963.2196,GATGTTCAAGTTATTCTAC
0Safe_safe_DTKPB_227963.7227,GAGACATTTGAGACTATA
0Safe_safe_MPB_227963.5772,GAATGTGCAGAATTAGTT
0Safe_safe_SPB_227963.6300,GTTTGATGTCTCCAAGGAAA
0Safe_safe_TMMB_227963.3225,GATCTCCCCAAAGCTCTGT
0Safe_safe_SPA_227963.5603,GTTAGGTAGATCAAACT
0Safe_safe_SPA_227963.5448,GACTGAGGGTGTCAACCCTC
0Safe_safe_U2A_227963.1704,GGTTGGAGCTTCCACACAC
0Safe_safe_SPB_227963.6237,GGGCTCTCTGCTCTACAG
0Safe_safe_MU2A_227963.2252,GTGATAGCATACTTATTAGC
0Safe_safe_TMMB_227963.3044,GTAATGCTGACCACATT
0Safe_safe_SPA_227963.5497,GGCAAAAAGAACTGGGGGC
0Safe_safe_MPB_227963.5731,GGTAGACTCGCTTCTTCA
0Safe_safe_MU2B_227963.32,GATTATTATAGGGAGTGAAG
0Safe_safe_MPA_227963.4299,GAAAATCATGAAGTAAAATC
0Safe_safe_U2B_227963.1318,GTATGTACAGTTCAACTA
0Safe_safe_ACOCA_227963.4670,GAACAAGTGTGATTACAGGC
0Safe_safe_MPA_227963.4325,GTGTTTCCGGGGTCCGCATC
0Safe_safe_MPB_227963.5716,GGTATCTTGGCTTCTTCA
0Safe_safe_GEB_227963.3840,GTTACTCTCACAGCTCA
0Safe_safe_GEB_227963.4116,GTAAACAGCTGAAGATAG
0Safe_safe_DTKPA_227963.7069,GAAAAATTGTTGCTGCTTC
0Safe_safe_U2B_227963.1338,GCACTGAACACTGAATGGGG
0Safe_safe_U2B_227963.1209,GATGTATTTGTATAAGCAGT
0Safe_safe_GEB_227963.3978,GTTAGAGGGGGTCTACTTAG
0Safe_safe_MU1B_227963.858,GTGGTTGGAGGTGTTTGGCA
0Safe_safe_ACOCB_227963.5037,GAAAACTTGAGATTCATGC
0Safe_safe_TMMB_227963.3051,GTCCTTAGAAAAGGTGACCC
0Safe_safe_GEA_227963.3574,GTAATGACTATGGTTGGA
0Safe_safe_MPB_227963.5941,GAAATTTATCTTCAAAGC
0Safe_safe_GEB_227963.3925,GGAAGAATGTTATATTATCC
0Safe_safe_DTKPB_227963.7195,GCAGACATGTCTGCAACT
0Safe_safe_GEA_227963.3602,GGAAAATGAATGAGCATCTG
0Safe_safe_GEB_227963.4111,GCTTTACAATTGTGAGAGTG
0Safe_safe_MU2A_227963.2301,GATTTCAATATATGTGGTG
0Safe_safe_U1A_227963.6586,GCAGCACTGTCAGGATACCA
0Safe_safe_U2A_227963.1723,GATAGGCCCAGGGAAGCCAA
0Safe_safe_MU2B_227963.355,GAAAGCAGGACTTTCTAAGT
0Safe_safe_GEA_227963.3462,GAAAGACTAGTCTCATG
0Safe_safe_MU2A_227963.2292,GGAAATATGAGTCAGTAT
0Safe_safe_TMMA_227963.2627,GAGAACCATTATTCAACG
0Safe_safe_U2A_227963.1761,GAATGCTGTACCTTTCTGAT
0Safe_safe_U1A_227963.6625,GAAGGGCTCTCGGTTCAT
0Safe_safe_SPB_227963.6329,GAGATTTCAATAAAGAAAGC
0Safe_safe_ACOCB_227963.5193,GAACCACACTGGGTAGTACT
0Safe_safe_MU1A_227963.1910,GAGTAACTGAAAATTGAT
0Safe_safe_ACOCA_227963.4712,GATGCAGCCTTGTGTTTA
0Safe_safe_MPB_227963.5748,GCCACCACAATCGCGCACA
0Safe_safe_MU1B_227963.1002,GCCCATGCAAAGCCTACCTT
0Safe_safe_MPB_227963.5721,GGCAATGTGAAAACAGAGAC
0Safe_safe_MPA_227963.4451,GCAACTCGGGGACGGTACAC
0Safe_safe_MU2A_227963.2360,GACGGTAATTATCTTATGTG
0Safe_safe_ACOCA_227963.4781,GGACTGTCTACTGGAAA
0Safe_safe_MU2A_227963.2390,GTCCCTAGGCAGGGGACCA
0Safe_safe_U1B_227963.447,GTTCTAAAATAACCACCCAC
0Safe_safe_U1B_227963.549,GCTGATATTAGTATCAACTC
0Safe_safe_MU1B_227963.1059,GACATAGGTAGAGAAAATTG
0Safe_safe_GEB_227963.3927,GATGATGCCAAGTTTCCTTT
0Safe_safe_U2B_227963.1152,GTAGCTATGCTTGGTAGGTG
0Safe_safe_MPA_227963.4226,GTTTCTGTATTTGAAGCA
0Safe_safe_GEA_227963.3378,GAATAACACTTTCTTCATA
0Safe_safe_ACOCB_227963.5098,GGATGCCCAGGAAACTGTAG
0Safe_safe_MU2B_227963.71,GGACAACATTTAGGAATGT
0Safe_safe_GEB_227963.3894,GGGGATTATAATGATAGTAA
0Safe_safe_GEB_227963.4078,GGTTGTTTACAGATTAAAA
0Safe_safe_MPB_227963.5647,GAATTCTGTTGAAACCTGCC
0Safe_safe_MU2A_227963.2363,GAGCAAATGAAACAACAGC
0Safe_safe_ACOCB_227963.5210,GTATATTGTGTATAACTTC
0Safe_safe_U2B_227963.1393,GATGAAAACAAGTTAATTA
0Safe_safe_MU2A_227963.2619,GGATTAAGTTTGGGTCC
0Safe_safe_SPB_227963.6119,GAGAATCACTGCAAAAGAAA
0Safe_safe_SPB_227963.6346,GAAGAGCTGGAAAAAAAAC
0Safe_safe_MU2A_227963.2538,GAAAACACTGAGTATATA
0Safe_safe_U1A_227963.6711,GGTACATTTGAACCTTT
0Safe_safe_MU1B_227963.777,GTTAGTTCTGAATGGCCTCA
0Safe_safe_U2A_227963.1719,GTGTCGTTTCTGTGATT
0Safe_safe_SPA_227963.5539,GTAACTATATAAAGGAAGA
0Safe_safe_MU2B_227963.336,GTGATGATGGGGATTTGA
0Safe_safe_MPB_227963.5743,GACATTGCCAAAGTGTCC
0Safe_safe_MU2A_227963.2600,GTGATTTCTACACTTTGTC
0Safe_safe_U1A_227963.6608,GAGTCATCGGAGATTCCT
0Safe_safe_U2B_227963.1368,GGGCTTCTGGATAAATAAGC
0Safe_safe_MU2A_227963.2610,GAATGCCACCACAGTGATCT
0Safe_safe_GEB_227963.3921,GGGCCTACAAACATCTAGA
0Safe_safe_MU2A_227963.2603,GTTTGATCTCATATTTAT
0Safe_safe_MPB_227963.5770,GTTCGTAATGAATAAAAACA
0Safe_safe_SPB_227963.6319,GGGAAGAAATGCATTGTGGC
0Safe_safe_MU1A_227963.1900,GAATCCATACATTTAAAAA
0Safe_safe_SPB_227963.6331,GAGCCCTTTCTGGGACAA
0Safe_safe_DTKPA_227963.6956,GTTATTGAGATAATATGGT
0Safe_safe_SPA_227963.5597,GCGCGTTGGGTTTCTGTTGC
0Safe_safe_MU2B_227963.196,GAAAGAGCTATGGAAATAA
0Safe_safe_U2A_227963.1775,GTTCTGCCTTCTTACATCCT
0Safe_safe_SPA_227963.5503,GAAGAATCCTCACAGTGA
0Safe_safe_MPA_227963.4160,GTTCCTATCATGTAGGGG
0Safe_safe_MPA_227963.4500,GAACTATGAGATGTCACG
0Safe_safe_GEB_227963.3999,GATGATGATGGGTGCAGCCC
0Safe_safe_SPA_227963.5398,GGCGTGACATATATCAG
0Safe_safe_GEB_227963.4073,GATAGCTACTCAAGAAGAGA
0Safe_safe_DTKPA_227963.7112,GATGTGCAATCAAAACAC
0Safe_safe_MU2A_227963.2268,GAGATTTGTATAAATCATAC
0Safe_safe_DTKPA_227963.6828,GGCATTCTATGTGTACCATG
0Safe_safe_ACOCB_227963.5244,GCTGTAATGTACACTCATC
0Safe_safe_MPA_227963.4485,GTGGTCAATTTCAACACCAT
0Safe_safe_ACOCA_227963.4537,GACACATCTGATAGTATG
0Safe_safe_MU2B_227963.77,GAAAATTTGAGTGAACTT
0Safe_safe_U1B_227963.738,GACTGTAGTCATTTCTTA
0Safe_safe_ACOCB_227963.5097,GTGAAACCAGGGCCTTTA
0Safe_safe_GEA_227963.3507,GTGTTTACTCCAGGTAGCC
0Safe_safe_MU2B_227963.234,GCAGGGTTGGCAACTAGC
0Safe_safe_MU1A_227963.1923,GCACAGAATAATGCCAGATT
0Safe_safe_U1B_227963.563,GGAAGGATGTTCATGAAT
0Safe_safe_MPA_227963.4416,GAAAACCACATAAATATT
0Safe_safe_SPB_227963.6158,GGTTGAGCACAAATGCATGT
0Safe_safe_MU1B_227963.1038,GGAAACTTGACTAATGCCA
0Safe_safe_MU1B_227963.937,GGATTCAATGTCCCACATA
0Safe_safe_TMMB_227963.3274,GTGATTAAAGGACCAATACC
0Safe_safe_SPB_227963.6083,GCATGCGAGCCCGTGGCCG
0Safe_safe_MU1A_227963.2209,GAGATGAAAAACTGATT
0Safe_safe_TMMB_227963.3238,GATTTCACTATTGAGAGGAA
0Safe_safe_MU2A_227963.2302,GTCCTGGAGCAACTTCAA
0Safe_safe_MU2A_227963.2306,GTTCTGTGTAGAAAAGAAGA
0Safe_safe_U2B_227963.1456,GAACATATGTATAGATACAT
0Safe_safe_SPB_227963.6168,GAGTCATGGAAAACTGAAAT
0Safe_safe_GEA_227963.3593,GGAATATTCTAACATGAC
0Safe_safe_TMMB_227963.3187,GTAAATTCTCCAAAGCAA
0Safe_safe_MU2A_227963.2345,GGAAACCATCAAGAATAGAT
0Safe_safe_TMMB_227963.3117,GCGTCTGAACCTAGGAAATG
0Safe_safe_MU1B_227963.904,GTTTCAAAGAAGAATTG
0Safe_safe_ACOCA_227963.4689,GTTTAGCCCAGGGCAGCATA
0Safe_safe_MU1A_227963.1952,GCTTACTCTTTGCTTGTTT
0Safe_safe_ACOCA_227963.4532,GGTATGAACATTAAAGTT
0Safe_safe_TMMB_227963.3279,GCTCACACGGTAGAGGATA
0Safe_safe_DTKPA_227963.6946,GTCACACAAAATCTGCAC
0Safe_safe_MU1B_227963.814,GAATGTGTGTGGAATAGTCT
0Safe_safe_U1B_227963.588,GATGTGATCACTGGACCTCT
0Safe_safe_U2A_227963.1535,GATAACATGACCTAATCAAA
0Safe_safe_TMMB_227963.3234,GTACTCACACATGACAATAC
0Safe_safe_ACOCB_227963.5192,GAGTTGCAACGCAGACAG
0Safe_safe_MPB_227963.5980,GAATCCAAGTAGAATGAAG
0Safe_safe_MU1B_227963.1027,GGAACATTCTTTCTCACCAT
0Safe_safe_U1B_227963.388,GGGAACTGGACATAATCT
0Safe_safe_TMMB_227963.3237,GCACTATTAAGGGGGAG
0Safe_safe_TMMB_227963.3325,GAAAGATCTAGCTAAGAGAG
0Safe_safe_SPB_227963.6127,GAACTAGTTCTACTACTG
0Safe_safe_MU2A_227963.2532,GTTAAAGCCCATATTGA
0Safe_safe_SPB_227963.6258,GTCATATGGAAGCTTCAAA
0Safe_safe_GEA_227963.3595,GCAGTTAGTTAGGGAAGCCC
0Safe_safe_MU1A_227963.1913,GATTTAAGAAACATTTCAG
0Safe_safe_MU1B_227963.954,GATGTAGTGCTTCTAAA
0Safe_safe_TMMA_227963.2703,GTGCTGAATAAATCTCACA
0Safe_safe_DTKPB_227963.7192,GAAGAACTGATAGCTTCA
0Safe_safe_MU1B_227963.1013,GTGAAGAGGCCAGACATCCC
0Safe_safe_U2A_227963.1705,GGGGTTGTTGCAATTCAC
0Safe_safe_GEA_227963.3610,GAAGGTCCTACCTGGATC
0Safe_safe_GEA_227963.3504,GACCCTTACCCACTATGAG
0Safe_safe_DTKPA_227963.7118,GCAGCCCTGCTTGGGAGC
0Safe_safe_U1A_227963.6431,GATTTCAACTCTGAAATGT
0Safe_safe_SPA_227963.5458,GATCCAACCGGGTTGCTG
0Safe_safe_ACOCA_227963.4624,GGGCATCATGGCCCCAGGGA
0Safe_safe_SPB_227963.6194,GGCTATCTCACAAAATGCT
0Safe_safe_MPA_227963.4497,GTTGGGCAATGGGCCCCC
0Safe_safe_ACOCB_227963.5011,GCCATTCTAGAGCTCCCGTG
0Safe_safe_MU2A_227963.2445,GCTCCAGCCGATCTGCTC
0Safe_safe_TMMB_227963.3244,GTGGAAAATGAGAGTCCAC
0Safe_safe_MPB_227963.5852,GGCACGTACTGATGAAA
0Safe_safe_DTKPA_227963.7028,GACTTCTAATTCTTGCTAAG
0Safe_safe_MU2B_227963.237,GTGATAGCCCAATCTTGCAT
0Safe_safe_MPA_227963.4313,GCACAGCACGATAATCTCG
0Safe_safe_GEB_227963.3837,GGTGCTCCCAGGCTCTTTCA
0Safe_safe_SPA_227963.5590,GTTTAAAGTTGTTACAATGG
0Safe_safe_U1B_227963.689,GACATCAACAGAAAGAATT
0Safe_safe_U1A_227963.6539,GCTGCTGAATAAGAAAAGCT
0Safe_safe_U2B_227963.1488,GCCAAGATTTACTTGCA
0Safe_safe_SPA_227963.5431,GACAACAGTCAGGCTACT
0Safe_safe_U1B_227963.494,GTTTGTACTACACAAAAG
0Safe_safe_MU2A_227963.2372,GGAGGAAACAGCGACCTC
0Safe_safe_MU1B_227963.872,GAACACTGGCATGGCCCAGG
0Safe_safe_GEB_227963.3955,GTTCTTCTCTGAATTGCTGA
0Safe_safe_ACOCA_227963.4773,GACTCCATCTTGATCCACAT
0Safe_safe_MPA_227963.4429,GTAGATTGCTTGATTAG
0Safe_safe_ACOCA_227963.4864,GGAAGAGCAACCTTACAAAT
0Safe_safe_MU1A_227963.2171,GGTGCCGGTTTGCTTTGGGA
0Safe_safe_ACOCB_227963.5150,GTGGTAGCTGCTCCATCAGC
0Safe_safe_SPA_227963.5596,GGAGGACCAGTAAGCATGT
0Safe_safe_U1B_227963.440,GGGCATGGCAGAAAACTTCA
0Safe_safe_U1A_227963.6729,GTGTGAATCTGAGGTCAGAG
0Safe_safe_MU1B_227963.1033,GTTCTTTATCAATGCTAC
0Safe_safe_U2A_227963.1796,GGATTATAATTGATACAAGT
0Safe_safe_ACOCB_227963.5026,GTAGAAAAAGACATGAGG
0Safe_safe_GEA_227963.3419,GTCATGTTTGGATGATTT
0Safe_safe_TMMB_227963.3309,GAGATACTTGTATAGGGGTC
0Safe_safe_SPB_227963.6155,GTAAATTCATAAGTTGATAC
0Safe_safe_MPB_227963.5769,GATGGTGCGTGGATTGTCT
0Safe_safe_GEB_227963.4009,GAATAAACTTGTACTGTC
0Safe_safe_MU1B_227963.997,GGGCACTTACTATGATTTCT
0Safe_safe_SPA_227963.5584,GATCTCTCATTGAGAACAAA
0Safe_safe_U2B_227963.1420,GTTGATGTAAGATAGAG
0Safe_safe_DTKPB_227963.7305,GACTTTAATCTGCCCACAGG
0Safe_safe_SPA_227963.5392,GTAAATTAGGTGCAGCAA
0Safe_safe_ACOCB_227963.5027,GACTATAAAATTCTCCTA
0Safe_safe_U1B_227963.501,GGTTAGGTGAGTGTCTTGGG
0Safe_safe_MPB_227963.5759,GCCTATAGCAGATGCTAA
0Safe_safe_U2A_227963.1519,GACATCATGGAAGTTTG
0Safe_safe_MPA_227963.4295,GTGGTTCATGAGGGATGTGA
0Safe_safe_DTKPA_227963.7037,GGGCCAGAGAGCAGGCAAT
0Safe_safe_GEA_227963.3401,GGATCAGATGGTCTACTG
0Safe_safe_MU1B_227963.1011,GATATGAATTGGTTTGT
0Safe_safe_DTKPB_227963.7432,GATGACATGGGCAGTGGC
0Safe_safe_ACOCA_227963.4835,GGAAAAATGAAGCCACTTT
0Safe_safe_TMMA_227963.2786,GGTGTACACTGAGAGATGTC
0Safe_safe_GEB_227963.3933,GGCTATGACCAAAGGTGAG
0Safe_safe_U2A_227963.1655,GGTGAAATAAAAAACAAA
0Safe_safe_DTKPA_227963.6757,GGGGTACTCTAAAAGAAG
0Safe_safe_GEB_227963.3847,GGGAACCTTATATTAGTA
0Safe_safe_SPB_227963.6142,GTAAACACATGCCATTTCTA
0Safe_safe_U1B_227963.664,GCCAGTTTAACAAAACAA
0Safe_safe_DTKPB_227963.7177,GGTTAAAACCCAACAATC
0Safe_safe_DTKPA_227963.6770,GAAAGAGGCAGCAGTCT
0Safe_safe_MPB_227963.5812,GTGTAATCAGAAAATGCAC
0Safe_safe_U1A_227963.6500,GCTATAACAGTAATGAAAA
0Safe_safe_MU2B_227963.167,GCTATTAGAGATATTTACAG
0Safe_safe_U1B_227963.444,GGTTACACGCTTTGTGGAAA
0Safe_safe_MPA_227963.4285,GTTGGAAATAACTGCTATT
0Safe_safe_U1B_227963.511,GGCCCCTGCTTTGTCATTCA
0Safe_safe_MU1A_227963.2118,GCTAATTGATTGCTCATATG
0Safe_safe_U1B_227963.534,GGTTGCTCTGGGATGAGTCA
0Safe_safe_MU2A_227963.2398,GTGAAAAAAGTAGCAGTC
0Safe_safe_DTKPA_227963.7087,GAGCTAATAATGTCTAAT
0Safe_safe_TMMB_227963.3243,GAGCACTCCAGCAGATGCTC
0Safe_safe_U1B_227963.558,GTGAAATGCACATAATGAAG
0Safe_safe_U2A_227963.1696,GAGTTTGGATCCAAAATA
0Safe_safe_MPA_227963.4328,GGGTACTTGATTTGACAC
0Safe_safe_MU2B_227963.327,GTTAGGAAAGCTAGTGAT
0Safe_safe_DTKPA_227963.6816,GAGACAGGGAGAATCAAG
0Safe_safe_TMMA_227963.2732,GACGAGTGCACAGGGGCTC
0Safe_safe_GEA_227963.3426,GAATCACATGACACTCCAGC
0Safe_safe_DTKPA_227963.6972,GAGGAGTTAGCAGGGTGTTC
0Safe_safe_MPB_227963.5761,GATGTAGTACCTGAGCAG
0Safe_safe_U1A_227963.6628,GCTTGCAATGCTCTTGCTG
0Safe_safe_MPA_227963.4372,GCTAAAGGATTCAGGAATTA
0Safe_safe_U1A_227963.6727,GACACTGTTACTTACTTTGT
0Safe_safe_U2B_227963.1347,GTGAAAACGGCCAAGGTCT
0Safe_safe_DTKPB_227963.7367,GGATAAGCTAGTGATGAG
0Safe_safe_MPA_227963.4401,GTTTGACAGCAGTGTAGTAA
0Safe_safe_MU2B_227963.181,GTGGTAGCATTCACAATT
0Safe_safe_U1A_227963.6561,GAAGTACAAAGCTTAAACCC
0Safe_safe_MU2B_227963.107,GCAACGATACCACTCACCTT
0Safe_safe_U2A_227963.1560,GTCATAAAATAATTACTCTG
0Safe_safe_ACOCA_227963.4719,GTAAGAGCAATCTTGTGC
0Safe_safe_ACOCB_227963.5004,GGCCTGGGCCAAGGAAT
0Safe_safe_SPB_227963.6306,GGAATAACAAAGTAGCAT
0Safe_safe_U2A_227963.1783,GAGGCAAAGGAATAAAATCT
0Safe_safe_U2B_227963.1167,GGAGAAGGGAAATGCAGTTT
0Safe_safe_U2B_227963.1319,GACATAAATGAGGCAAGGT
0Safe_safe_GEA_227963.3690,GTATACATGGTAAAGCTT
0Safe_safe_U1B_227963.642,GCAGCGAATGGGTGCCTCAG
0Safe_safe_ACOCB_227963.5056,GGAGTGGGGACTGGATCA
0Safe_safe_TMMA_227963.2879,GCTAAATTCACACATAGT
0Safe_safe_DTKPB_227963.7356,GCAAAGCTATTTAAATGTT
0Safe_safe_U1B_227963.412,GACAGCTTCTAGAAAATAA
0Safe_safe_MU2B_227963.6,GGCTGGAATCTTAGACTCAA
0Safe_safe_DTKPA_227963.6911,GTTTCTGACTAATAGGAGCA
ENSMUSG00000021221_Dpf3_SPA_199320.1,GCTTCTTGCGCCAGCAGC
ENSMUSG00000021221_Dpf3_SPA_199321.2,GTACAACTGGCCCGGAGCG
ENSMUSG00000021221_Dpf3_SPA_199322.3,GTTCCCAAGCGCAAGAAC
ENSMUSG00000021221_Dpf3_SPA_199323.4,GTAAATCCATCTTTCTTCAG
ENSMUSG00000021221_Dpf3_SPA_199324.5,GGAAGCCTTGCTTCGCGGCG
ENSMUSG00000032641_Gpr19_MPA_87625.1,GCTGCCCCATGGCCTGAT
ENSMUSG00000032641_Gpr19_MPA_87626.2,GTGGTTGTTCTCCATCTT
ENSMUSG00000032641_Gpr19_MPA_87627.3,GTTCTGAAGGGGCACCAGCA
ENSMUSG00000032641_Gpr19_MPA_87628.4,GCACGACAAACGGCGTGC
ENSMUSG00000032641_Gpr19_MPA_87629.5,GAGTCCTCCGGCTCCGG
ENSMUSG00000030774_Pak1_DTKPA_106110.1,GAGGGGCTGGGGGTTTGTCC
ENSMUSG00000030774_Pak1_DTKPA_106111.2,GTAAGATGGATCGATAAAAC
ENSMUSG00000030774_Pak1_DTKPA_106112.3,GCAAGCGAGCCCACTGTTC
ENSMUSG00000030774_Pak1_DTKPA_106113.4,GAAAAACCCACAGGCTGTTC
ENSMUSG00000030774_Pak1_DTKPA_106114.5,GTATGCTCAAAATCTGA
ENSMUSG00000045205_Dpy19l4_MPA_115981.1,GGGATGCTTACTGTTGCG
ENSMUSG00000045205_Dpy19l4_MPA_115982.2,GCATCATACCACTAATAA
ENSMUSG00000045205_Dpy19l4_MPA_115983.3,GTCGAGGTACTCAGCAAC
ENSMUSG00000045205_Dpy19l4_MPA_115984.4,GCGGATCTTCTCTGCTT
ENSMUSG00000045205_Dpy19l4_MPA_115985.5,GCAAAGAACTTCAGGAAGTC
ENSMUSG00000029462_Vps29_SPB_120714.1,GATCTGCACATTCCGCAC
ENSMUSG00000029462_Vps29_SPB_120715.2,GCAGAGGTTGCCGGTGCAG
ENSMUSG00000029462_Vps29_SPB_120716.3,GAGATAGTCGTAGCTCTCCT
ENSMUSG00000029462_Vps29_SPB_120717.4,GGGTAGCAGCCGCCGTG
ENSMUSG00000029462_Vps29_SPB_120718.5,GCTAGCCATGTCTCCCCA
ENSMUSG00000041308_Sntb2_U1A_4564.1,GCTCCACCAGCCCCGCTT
ENSMUSG00000041308_Sntb2_U1A_4565.2,GCCGGCGGCCGCCTTCAA
ENSMUSG00000041308_Sntb2_U1A_4566.3,GGCCACGGTTCGGGCTCC
ENSMUSG00000041308_Sntb2_U1A_4567.4,GCAAGAGGCGGGCGGCCT
ENSMUSG00000041308_Sntb2_U1A_4568.5,GGCGTCGCCCGTCAGGCTC
ENSMUSG00000021326_Trim27_SPB_11031.1,GGCACTCGGCCACGCTCC
ENSMUSG00000021326_Trim27_SPB_11032.2,GGCTCCACGAAGTACTGA
ENSMUSG00000021326_Trim27_SPB_11033.3,GGGTCGCATGTGGCGCTG
ENSMUSG00000021326_Trim27_SPB_11034.4,GGCACGCGCAACAGATGTTG
ENSMUSG00000021326_Trim27_SPB_11035.5,GGTGGTCCAGTCGGTTC
ENSMUSG00000072941_Sod3_U1B_165803.1,GCAAGCCGTAGAACAAGA
ENSMUSG00000072941_Sod3_U1B_165804.2,GCTTCGACCTAGCAGAC
ENSMUSG00000072941_Sod3_U1B_165805.3,GTCACCATGTCAAATCCAG
ENSMUSG00000072941_Sod3_U1B_165806.4,GACCTGGTTGAGAAGAT
ENSMUSG00000072941_Sod3_U1B_165807.5,GGTGATCTGCGGCTGATC
ENSMUSG00000038855_Itpkb_DTKPB_97323.1,GGGACAGCGACTCTGCTG
ENSMUSG00000038855_Itpkb_DTKPB_97324.2,GAATAGTAGCAGCGGTAG
ENSMUSG00000038855_Itpkb_DTKPB_97325.3,GCTATGCCCTCAATAGCC
ENSMUSG00000038855_Itpkb_DTKPB_97326.4,GAAGCCCGCGTTTGGGTA
ENSMUSG00000038855_Itpkb_DTKPB_97327.5,GCACCAACGAGCTCAAGAG
ENSMUSG00000042826_Fgf11_U1B_17385.1,GATCCGACAGAAGCGGG
ENSMUSG00000042826_Fgf11_U1B_17386.2,GCAAAGTGACTTGGTACCGC
ENSMUSG00000042826_Fgf11_U1B_17387.3,GTCGCACCTTGGACAGC
ENSMUSG00000042826_Fgf11_U1B_17388.4,GTCCCACGCGACAGGACCG
ENSMUSG00000042826_Fgf11_U1B_17389.5,GTGACGATGCCTTTGAGCTG